course_id,year
1006314,2016
1011058,2016
192870,2014
739964,2016
403100,2015
476268,2015
592338,2015
975046,2016
742602,2016
794151,2016
504036,2015
719698,2016
564966,2015
606928,2015
58977,2013
798740,2016
506568,2015
1020760,2016
859742,2016
383414,2015
353044,2014
447362,2015
831066,2016
948974,2016
380970,2015
434774,2015
308690,2014
888716,2016
321410,2014
965832,2016
648826,2016
627540,2015
301442,2014
640100,2015
260470,2014
848664,2016
325834,2014
411168,2015
358326,2015
153210,2014
834836,2016
985922,2016
765562,2016
165964,2014
855172,2016
258232,2014
994754,2016
43319,2013
408440,2015
918688,2016
308694,2015
199450,2014
401784,2015
709500,2016
285638,2014
834558,2016
551968,2015
1005658,2016
746432,2016
284118,2014
302562,2014
596598,2015
860890,2016
951050,2016
796450,2016
502772,2015
891484,2016
382204,2015
308696,2015
474928,2015
959144,2016
572744,2015
724062,2016
474212,2015
771276,2016
388164,2015
133536,2013
655300,2015
949504,2016
265960,2014
680044,2015
923616,2016
741898,2016
381330,2014
545918,2015
191854,2014
471546,2015
866584,2016
889824,2016
585752,2015
671578,2015
151668,2014
44836,2013
840300,2016
421054,2015
528784,2015
637430,2015
236080,2016
777444,2016
474238,2015
1051570,2016
262370,2014
824592,2016
730414,2016
252396,2014
920604,2016
215728,2014
722174,2016
48841,2013
907444,2016
317030,2014
891490,2016
812616,2016
407984,2015
214046,2016
512400,2015
945750,2016
402836,2015
588764,2015
576946,2015
543242,2015
502240,2015
598266,2015
814068,2016
441112,2015
1028030,2016
1018380,2016
575676,2015
936328,2016
43441,2013
584410,2015
625568,2015
297742,2014
24877,2012
597716,2016
415802,2015
323950,2014
488818,2015
610890,2015
638980,2015
599684,2015
332848,2014
354324,2014
379682,2014
319020,2014
713258,2016
537884,2015
919906,2016
46010,2013
777932,2016
773934,2016
221306,2014
830994,2016
723510,2016
42643,2013
411778,2015
366514,2015
471588,2015
390096,2015
607876,2015
249950,2014
792216,2016
45139,2013
692176,2016
598094,2015
40039,2013
352150,2014
537878,2015
923184,2016
476256,2015
552504,2015
537888,2015
385686,2015
738900,2016
57415,2013
155344,2014
42491,2013
511952,2015
530246,2015
862786,2016
165122,2014
530768,2015
218416,2015
619296,2015
717278,2016
445916,2015
267984,2014
180362,2014
364810,2014
692722,2016
298558,2014
480752,2015
637922,2015
337320,2014
876646,2016
529424,2015
720814,2016
515326,2015
851106,2016
429308,2015
302450,2015
190816,2014
244000,2014
429482,2015
658764,2015
64739,2013
907716,2016
722682,2016
808506,2016
673016,2015
358062,2014
372234,2015
822514,2016
1045726,2016
943426,2016
46927,2013
567070,2015
867440,2016
501996,2015
673702,2015
821108,2016
863998,2016
822926,2016
666254,2015
421546,2015
518886,2015
868128,2016
986034,2016
42642,2013
471428,2015
600206,2015
283780,2014
874284,2016
42640,2013
767256,2016
843854,2016
247558,2014
696616,2016
205810,2014
507486,2015
965306,2016
627706,2015
255280,2014
628944,2015
537886,2015
517938,2015
779678,2016
494330,2015
153926,2014
806122,2016
725658,2016
1032234,2016
996542,2016
756520,2016
768028,2016
73030,2013
476880,2015
773060,2016
552058,2015
509512,2015
497236,2015
471556,2015
403602,2015
326948,2014
537896,2015
797762,2016
674350,2016
439362,2015
42634,2013
494800,2015
990440,2016
109988,2013
815482,2016
569436,2015
803664,2016
213154,2014
484132,2015
640062,2015
363404,2015
454724,2015
702278,2016
323196,2014
443584,2015
1034074,2016
418732,2015
757450,2016
403468,2015
761808,2016
614510,2015
519776,2015
805336,2016
828254,2016
471440,2015
478598,2015
394636,2015
512004,2015
538540,2015
406922,2015
743914,2016
419308,2015
542028,2015
482534,2015
716136,2016
737514,2016
471446,2015
920424,2016
49886,2013
292462,2014
211874,2014
754028,2016
546924,2015
105972,2013
556068,2015
317572,2014
738910,2016
1015274,2016
934574,2016
988804,2016
529718,2015
998872,2016
1023670,2016
571394,2015
637176,2015
677802,2015
739390,2016
489146,2015
910650,2016
109622,2013
881378,2016
474150,2015
1046724,2016
233900,2014
116128,2013
877106,2016
65105,2013
889066,2016
28172,2012
257996,2015
811534,2016
95176,2014
880564,2016
613944,2015
24815,2012
736836,2016
462474,2015
73938,2013
158444,2016
577198,2015
993160,2016
233294,2014
281844,2014
607362,2015
25794,2012
387348,2015
475912,2015
332690,2014
830870,2016
199822,2014
56058,2013
587232,2015
398798,2015
130366,2014
530430,2015
615204,2015
441016,2015
598722,2015
979616,2016
528488,2015
832832,2016
256094,2014
975074,2016
436488,2015
72644,2013
343886,2014
837322,2016
885413,2016
178602,2014
601912,2015
831170,2016
327788,2015
324656,2014
403628,2015
280842,2015
306360,2014
521234,2015
327962,2014
790034,2016
400976,2015
892446,2016
322118,2014
1029062,2016
1048496,2016
501502,2015
74004,2013
226084,2014
968056,2016
691180,2016
843536,2016
532836,2015
493014,2015
955748,2016
49798,2013
429662,2015
97338,2013
510178,2015
1002282,2016
706670,2016
275294,2014
594936,2015
521342,2015
828740,2016
501960,2015
486240,2015
869652,2016
169662,2014
1041522,2016
657130,2015
774570,2016
999262,2016
100526,2013
513046,2015
309854,2015
580068,2015
304410,2014
782256,2016
826912,2016
313512,2014
759262,2016
359926,2016
533458,2015
484134,2015
455452,2015
658766,2015
927442,2016
972126,2016
1031696,2016
742106,2016
355374,2014
529828,2015
538560,2015
994666,2016
389108,2015
38456,2013
282050,2014
607800,2015
832410,2016
779000,2016
180372,2014
429952,2015
172898,2014
180360,2014
713416,2016
407658,2015
572992,2015
192724,2014
469526,2015
854764,2016
754524,2016
851288,2016
363058,2014
700080,2016
637452,2015
360916,2014
375594,2014
703770,2016
602032,2015
475032,2015
895936,2016
399170,2015
593460,2015
774174,2016
294292,2014
189160,2014
621014,2015
673750,2015
390510,2015
282044,2014
118836,2013
849632,2016
904240,2016
304424,2014
591880,2015
155616,2014
65802,2013
229360,2014
159388,2014
172298,2014
570996,2015
944594,2016
81064,2013
364034,2014
119276,2013
616564,2015
596026,2015
499504,2015
903326,2016
412108,2015
865630,2016
660846,2015
829206,2016
385604,2016
302468,2014
331600,2014
557436,2015
389834,2016
304414,2014
55136,2013
619792,2016
505144,2015
688244,2015
642060,2016
114518,2014
666910,2015
158830,2014
577256,2015
192576,2014
662450,2015
312834,2014
44319,2013
174800,2014
79364,2013
917172,2016
531710,2015
193916,2014
74016,2013
834606,2016
629060,2015
698278,2016
975414,2016
112296,2013
536166,2015
718338,2016
996612,2016
941120,2016
498488,2015
364566,2014
600316,2015
239416,2014
722274,2016
201942,2014
355798,2014
702800,2016
425126,2015
1013838,2016
867682,2016
239268,2015
361286,2014
617976,2015
196620,2014
667332,2016
639126,2015
53211,2013
212952,2014
1016420,2016
881778,2016
173462,2014
648174,2016
517466,2015
304422,2014
177214,2014
73898,2013
671548,2016
504620,2015
98706,2013
364428,2014
560472,2015
682986,2015
270844,2014
507600,2015
363078,2014
707688,2016
544176,2015
392478,2015
613422,2015
316750,2015
884658,2016
735550,2016
770486,2016
543212,2015
804298,2016
707054,2015
964828,2016
298522,2014
255170,2014
40670,2013
737832,2016
240256,2014
931626,2016
663022,2016
202290,2014
690546,2015
560218,2015
253810,2014
420926,2015
382824,2015
73046,2013
73860,2013
191588,2014
665866,2015
73068,2013
252950,2014
760990,2016
874312,2016
373716,2014
836926,2016
595258,2016
611420,2015
941990,2016
256200,2014
207166,2014
390472,2015
575476,2015
460652,2015
157336,2014
65110,2013
835212,2016
882276,2016
971110,2016
414744,2015
537286,2015
929526,2016
631276,2015
86558,2013
615600,2015
799434,2016
674354,2015
548764,2015
410576,2015
501384,2015
59725,2013
47504,2013
304426,2014
581598,2015
328842,2014
541824,2015
103144,2013
937150,2016
975910,2016
42645,2013
355622,2015
514036,2015
45136,2013
371574,2014
915964,2016
412856,2015
42651,2013
294914,2015
219306,2014
652768,2015
42197,2013
936298,2016
885443,2016
585208,2015
386922,2015
1023650,2016
676764,2015
41145,2013
145220,2014
868686,2016
745110,2016
43778,2013
19653,2012
1013190,2016
824034,2016
370440,2014
312860,2014
168358,2014
721746,2016
885342,2016
811416,2016
35131,2013
570844,2015
189996,2014
716828,2016
702138,2016
130298,2014
709536,2016
706942,2016
297762,2014
614472,2015
463834,2015
934614,2016
430968,2015
305368,2014
179446,2014
443502,2015
414246,2015
571506,2016
638966,2016
757508,2016
180384,2014
812798,2016
364206,2014
742142,2016
895030,2016
516168,2015
612528,2015
597084,2015
544556,2015
953490,2016
221872,2014
662318,2015
73044,2013
714188,2016
548044,2015
498360,2015
425338,2015
164102,2014
902888,2016
245822,2014
729128,2016
773650,2016
466632,2015
466774,2015
442114,2015
781954,2016
902150,2016
167316,2014
1028656,2016
645890,2015
559328,2015
734280,2016
43291,2015
1034560,2016
871682,2016
1032648,2016
715476,2016
627332,2015
1035638,2016
41961,2013
42040,2013
615602,2015
235112,2014
551910,2015
1051430,2016
828596,2016
258894,2014
138560,2014
689868,2015
1020244,2016
858764,2016
941310,2016
492344,2015
815672,2016
376712,2015
869716,2016
754156,2016
709816,2016
680046,2015
829182,2016
46933,2013
868112,2016
113712,2013
146454,2014
56926,2013
589778,2015
101038,2015
417088,2015
258954,2014
298044,2014
593962,2015
941520,2016
64173,2013
371828,2015
974954,2016
818572,2016
115752,2013
731150,2016
627772,2015
850726,2016
136244,2013
485889,2015
507778,2015
422918,2015
362530,2014
579642,2015
881062,2016
838260,2016
380542,2015
772480,2016
576906,2015
410196,2015
581662,2015
788756,2016
380206,2015
160322,2014
610812,2015
288256,2014
662996,2015
101234,2013
746366,2016
186556,2014
179500,2014
304000,2014
334838,2014
302456,2015
537748,2015
378464,2014
532216,2015
41973,2013
138004,2013
94532,2014
467238,2015
850294,2016
439210,2015
597164,2015
262818,2014
255046,2014
295909,2014
83736,2013
75182,2013
236070,2016
788796,2016
508796,2015
739910,2016
725872,2016
894336,2016
334820,2014
619786,2016
179820,2014
322332,2015
597424,2016
166842,2014
408232,2015
249376,2014
231256,2014
479496,2015
944534,2016
74028,2013
73962,2013
614668,2015
625670,2015
35409,2013
250902,2014
855816,2016
813360,2016
813516,2016
302484,2016
861764,2016
765238,2016
542950,2015
307080,2014
469848,2015
581498,2015
849896,2016
801702,2016
786984,2016
255592,2014
514844,2015
998706,2016
644020,2015
54246,2013
805630,2016
315716,2014
769340,2016
737182,2016
960786,2016
657050,2015
632368,2015
571730,2015
720994,2016
907416,2016
396890,2015
945194,2016
598846,2015
950750,2016
740764,2016
739972,2016
464002,2015
343818,2014
434100,2015
158140,2014
557208,2015
93850,2013
914164,2016
876898,2016
877968,2016
953432,2016
872204,2016
304420,2014
676650,2015
129274,2013
634932,2015
116924,2014
369726,2016
427040,2015
997128,2016
826168,2016
1039930,2016
712994,2016
123242,2014
788720,2016
196164,2014
624016,2015
743568,2016
479688,2015
578534,2015
379196,2015
331968,2014
576636,2015
724596,2016
822808,2016
932274,2016
32908,2013
883394,2016
20185,2012
188418,2014
975982,2016
674352,2016
936884,2016
707644,2016
700140,2015
546656,2016
645634,2015
528104,2015
1053462,2016
148028,2014
179824,2014
777276,2016
174790,2014
247940,2014
42146,2014
408894,2015
176136,2014
929146,2016
260066,2014
682514,2016
66383,2013
390198,2015
679238,2015
476622,2015
764010,2016
178776,2014
562668,2015
521952,2016
692268,2016
258174,2014
54677,2013
619716,2015
986272,2016
466558,2015
65113,2013
685190,2015
179978,2014
248338,2014
455120,2015
273448,2014
803028,2016
985104,2016
396888,2015
1001010,2016
950748,2016
932454,2016
400464,2015
986024,2016
352782,2014
749468,2016
915206,2016
615206,2015
368916,2014
787508,2016
249934,2014
323828,2014
772950,2016
900472,2016
796486,2016
871358,2016
931588,2016
880202,2016
595876,2015
28556,2012
317278,2014
573064,2015
590794,2015
749542,2016
820194,2016
62721,2013
371074,2015
20461,2012
416548,2015
396204,2015
897238,2016
1008100,2016
832870,2016
642656,2015
428220,2015
65596,2013
1018358,2016
16714,2012
657764,2016
231970,2016
981684,2016
669174,2015
185526,2014
177614,2014
185528,2014
872262,2016
896742,2016
609642,2015
723818,2016
520468,2015
693812,2015
385462,2015
561188,2015
600486,2015
501140,2015
405488,2015
1009068,2016
870368,2016
519968,2015
656914,2015
787204,2016
380668,2015
412864,2015
463354,2015
636548,2015
513782,2015
19164,2012
637402,2016
901082,2016
608090,2015
755680,2016
930416,2016
784478,2016
17349,2012
93484,2013
927186,2016
628440,2016
1047508,2016
406504,2015
644914,2015
908324,2016
15611,2012
775252,2016
850426,2016
530426,2015
627782,2015
294294,2014
692920,2016
349144,2014
711688,2016
625920,2015
286508,2014
768940,2016
640428,2015
640426,2015
300466,2014
682060,2016
809216,2016
532140,2015
546832,2015
288110,2014
388104,2015
742392,2016
814200,2016
468182,2015
789670,2016
1009622,2016
686430,2016
1031648,2016
181294,2014
780150,2016
922464,2016
855188,2016
855764,2016
699376,2016
192726,2014
358998,2014
525446,2015
638040,2015
502588,2015
753774,2016
530436,2015
690918,2015
927336,2016
1022032,2016
700942,2015
804096,2016
733654,2016
994312,2016
902300,2016
522426,2015
550360,2015
314698,2014
960898,2016
661628,2015
923902,2016
720300,2016
79120,2013
424770,2015
22445,2012
581352,2015
874656,2016
870936,2016
413713,2015
52457,2013
446936,2015
77896,2013
654038,2015
438420,2015
406424,2015
611804,2015
276680,2015
922092,2016
1000116,2016
673142,2016
701468,2016
399938,2015
555952,2015
341952,2014
474076,2015
839536,2016
787340,2016
559204,2015
971260,2016
960326,2016
144222,2014
447210,2015
482208,2015
475214,2015
77532,2013
846214,2016
951912,2016
660876,2015
837798,2016
834226,2016
750934,2016
770622,2016
978462,2016
585566,2015
805882,2016
413180,2015
951304,2016
518870,2015
935108,2016
53549,2013
907408,2016
410974,2015
991416,2016
472592,2015
140368,2014
366194,2014
939882,2016
631148,2015
885479,2016
783438,2016
49553,2013
506164,2015
280194,2014
711210,2016
905244,2016
637066,2015
744696,2016
220604,2014
699380,2016
787096,2016
793000,2016
803058,2016
494058,2015
1027080,2016
367460,2015
395140,2015
866796,2016
857144,2016
611370,2015
452092,2015
286424,2014
348116,2014
436568,2015
956002,2016
185500,2014
722176,2016
197610,2014
672112,2015
672086,2015
185538,2014
188604,2014
188584,2014
181268,2014
177472,2014
766320,2016
181264,2014
513846,2015
242176,2014
255604,2014
794036,2016
1004512,2016
464184,2015
482924,2015
738198,2016
768366,2016
632136,2015
663702,2015
558432,2015
133968,2014
938680,2016
691641,2016
801186,2016
906760,2016
705444,2016
601092,2015
913768,2016
648350,2015
374404,2014
967486,2016
496302,2015
909970,2016
297702,2014
978272,2016
37821,2013
514398,2015
544944,2015
326338,2014
600366,2016
574194,2015
865634,2016
400130,2015
563708,2015
178044,2014
516394,2015
590622,2016
249126,2014
909486,2016
368958,2014
201812,2014
484896,2015
553832,2015
452182,2015
490392,2015
446022,2015
522784,2015
311846,2014
942768,2016
288850,2014
381828,2015
406054,2015
585174,2015
327310,2015
513212,2015
1047750,2016
831640,2016
570188,2015
365926,2016
986832,2016
872816,2016
518188,2015
726314,2016
883828,2016
826202,2016
117004,2013
952106,2016
854746,2016
834114,2016
1012262,2016
808542,2016
1015308,2016
635716,2015
374652,2015
727510,2016
579202,2015
699382,2016
20150,2012
895302,2016
403764,2015
145178,2014
435626,2015
640164,2015
223884,2014
177584,2014
586914,2015
397204,2015
58791,2013
172906,2014
766906,2016
379814,2014
445102,2015
655198,2015
575040,2015
966268,2016
536780,2015
431562,2015
1047408,2016
371900,2014
995384,2016
364986,2014
908664,2016
47004,2013
327666,2016
278948,2014
62497,2013
471136,2015
63712,2013
843620,2016
551964,2015
517866,2015
337072,2015
737642,2016
520766,2015
757900,2016
978576,2016
961684,2016
371490,2014
507726,2015
349586,2015
303042,2015
647520,2015
681878,2015
873296,2016
1019552,2016
948294,2016
393850,2015
733878,2016
860656,2016
622122,2015
222976,2014
439968,2015
852060,2016
546848,2015
81278,2013
53556,2013
68876,2013
514496,2015
649404,2015
108384,2013
753934,2016
206592,2014
15467,2012
983444,2016
74782,2013
456988,2015
1049760,2016
808808,2016
599652,2015
524748,2015
310652,2014
946326,2016
895394,2016
996868,2016
751230,2016
356840,2014
269082,2014
449788,2015
792232,2016
861444,2016
148982,2014
861742,2016
817074,2016
286160,2014
788722,2016
1008654,2016
964478,2016
953220,2016
64078,2013
622284,2015
31150,2013
574132,2015
724824,2016
883324,2016
502204,2016
283038,2014
650720,2015
586680,2015
899240,2016
520876,2015
651352,2016
968268,2016
479760,2015
134690,2014
692918,2016
753154,2016
46524,2016
634480,2015
771044,2016
497268,2015
435138,2015
334530,2014
904144,2016
397946,2015
561800,2015
810234,2016
559046,2015
338308,2014
477634,2016
913194,2016
429866,2015
632702,2015
429366,2015
433084,2015
185092,2014
395652,2015
943724,2016
546124,2015
876444,2016
893978,2016
273256,2014
651014,2015
408118,2015
489114,2015
16689,2012
385662,2015
508570,2015
934790,2016
473474,2015
121490,2013
339560,2014
659340,2015
835082,2016
335902,2014
441106,2015
624356,2016
456388,2015
955242,2016
496430,2015
793246,2016
547190,2015
696630,2015
643970,2015
801486,2016
455054,2015
837722,2016
631416,2015
149728,2014
195576,2014
560662,2015
661814,2015
640496,2015
101498,2013
729464,2016
961630,2016
544234,2015
517366,2015
271652,2014
760066,2016
80844,2013
820086,2016
1013558,2016
206332,2014
624662,2015
470472,2015
331970,2015
705890,2016
932804,2016
760300,2016
636858,2015
371896,2015
636842,2015
564446,2015
925286,2016
324224,2014
1008054,2016
40495,2013
184780,2014
338926,2015
104304,2013
413182,2015
692658,2015
173776,2014
637842,2015
648628,2015
670640,2015
403078,2015
174562,2014
396238,2015
20387,2012
646906,2016
783292,2016
515262,2015
147404,2014
260900,2014
563650,2015
743674,2016
71912,2013
764534,2016
808292,2016
630734,2015
757284,2016
356060,2016
939668,2016
873386,2016
624118,2015
398746,2015
585946,2016
876396,2016
263818,2014
759972,2016
893056,2016
326428,2014
769518,2016
806638,2016
467408,2015
567558,2015
854696,2016
27681,2013
412970,2016
344234,2016
692812,2015
933666,2016
645202,2016
65033,2013
550842,2015
19421,2012
897162,2016
955914,2016
551170,2015
198690,2014
657518,2015
708696,2016
1007396,2016
505126,2015
574428,2015
602450,2015
895244,2016
342398,2015
552700,2015
175278,2014
101496,2013
365292,2014
42251,2013
446478,2015
132570,2013
288942,2014
515256,2015
956102,2016
902476,2016
583752,2015
521072,2015
749686,2016
998100,2016
762374,2016
743634,2016
663810,2015
475914,2015
831294,2016
364716,2015
242382,2014
783778,2016
773016,2016
672894,2015
311530,2014
1000966,2016
782430,2016
777650,2016
138228,2014
1034414,2016
996888,2016
793234,2016
372416,2014
665278,2015
1002272,2016
213532,2014
64585,2013
1013762,2016
315576,2015
812914,2016
660690,2016
347104,2015
638204,2015
519694,2015
647336,2016
464844,2015
824044,2016
409818,2015
755198,2016
552650,2015
710420,2016
1000988,2016
384928,2015
392958,2015
515260,2015
555340,2015
603902,2016
217978,2014
238934,2014
456284,2015
1029440,2016
42271,2013
484670,2015
967380,2016
681692,2015
200598,2014
953152,2016
194692,2014
902474,2016
920194,2016
666322,2015
658816,2016
1009802,2016
353224,2014
938260,2016
907966,2016
997470,2016
993134,2016
41884,2013
888698,2016
476324,2015
476988,2015
1034080,2016
659918,2015
422546,2015
660460,2015
1003568,2016
830568,2016
566678,2015
517148,2015
206088,2014
995562,2016
59922,2013
76524,2013
971962,2016
972704,2016
970880,2016
687248,2015
42038,2013
501412,2016
1032864,2016
574974,2015
658276,2015
1041176,2016
26956,2012
917432,2016
983418,2016
648506,2016
858064,2016
214328,2014
101500,2013
829962,2016
519212,2015
297930,2014
663710,2015
471328,2015
892898,2016
638100,2015
823860,2016
635570,2016
99324,2013
535650,2015
769270,2016
51752,2013
17922,2012
112314,2013
656364,2015
105350,2013
606494,2016
1037868,2016
1008098,2016
650836,2015
504168,2015
761584,2016
743884,2016
583224,2015
725906,2016
589248,2016
584468,2015
807934,2016
532572,2016
53277,2013
670376,2015
802040,2016
789820,2016
806640,2016
802038,2016
818838,2016
269832,2014
759130,2016
556076,2015
824020,2016
139792,2014
482334,2016
602812,2015
866528,2016
471352,2015
744080,2016
620372,2015
214418,2014
619856,2015
839028,2016
771880,2016
228268,2014
944550,2016
839026,2016
838320,2016
838896,2016
812602,2016
190906,2014
647884,2015
646918,2015
430962,2015
631480,2015
970462,2016
852426,2016
430992,2015
733922,2016
608436,2015
217628,2014
631444,2015
935900,2016
713492,2016
218540,2014
211780,2014
217320,2014
387064,2015
219756,2014
214828,2014
430994,2015
207408,2014
445118,2015
146852,2014
147754,2014
131512,2013
140168,2014
510098,2015
561774,2015
761938,2016
374566,2015
182940,2014
1003250,2016
647276,2016
26648,2012
264396,2014
153230,2014
601230,2015
326310,2014
398522,2015
773144,2016
324226,2014
888668,2016
301686,2014
650804,2015
269830,2014
315812,2014
373636,2015
336446,2014
455676,2015
200108,2014
198660,2014
763100,2016
922828,2016
32033,2012
286070,2014
55569,2013
725566,2016
829616,2016
888852,2016
263432,2014
375830,2014
207440,2014
1042382,2016
644820,2015
131562,2014
628606,2016
459888,2015
605074,2015
749616,2016
470482,2015
344348,2015
373556,2015
214794,2014
782458,2016
823494,2016
212492,2014
211052,2014
597868,2015
218658,2014
1048182,2016
758216,2016
628798,2016
398224,2015
147174,2014
799912,2016
655958,2015
744034,2016
139790,2014
288854,2015
588264,2015
773156,2016
931152,2016
21080,2014
151120,2014
139784,2014
486412,2015
459468,2015
663696,2015
933812,2016
149602,2014
277770,2016
552606,2015
459926,2015
266004,2014
720072,2016
1046768,2016
138336,2014
333046,2014
459207,2015
814474,2016
188064,2014
578750,2015
184088,2014
208126,2014
34332,2013
204014,2014
219844,2014
212506,2014
687742,2016
219878,2014
207304,2014
195196,2014
834422,2016
724436,2016
448250,2015
796188,2016
773174,2016
450246,2015
201472,2014
452514,2015
765056,2016
196234,2014
380596,2015
812370,2016
832514,2016
1025536,2016
82960,2013
457206,2015
589900,2015
854694,2016
861566,2016
349142,2015
56970,2013
762482,2016
100916,2013
869312,2016
721274,2016
719920,2016
846962,2016
206986,2014
813142,2016
701662,2015
90132,2014
815182,2016
476000,2015
762240,2016
810576,2016
188498,2014
180680,2014
62252,2013
807494,2016
761122,2016
12214,2013
344180,2015
185266,2014
1036338,2016
266682,2014
615226,2015
963094,2016
742096,2016
648492,2015
222062,2015
103662,2013
742764,2016
856950,2016
902480,2016
263846,2014
625974,2015
782460,2016
147104,2014
767400,2016
492954,2015
13216,2012
760452,2016
214770,2014
139772,2014
171598,2014
854692,2016
805706,2016
618586,2015
205764,2014
762648,2016
245722,2014
53157,2013
932842,2016
883138,2016
139788,2014
951608,2016
975626,2016
184324,2014
139794,2014
582390,2015
132950,2013
845518,2016
835616,2016
101504,2013
594852,2015
806642,2016
785210,2016
339382,2014
963664,2016
632234,2015
594854,2015
974704,2016
388712,2015
383852,2015
459946,2015
994050,2016
899702,2016
320238,2014
818786,2016
741388,2016
629704,2015
839032,2016
23683,2012
912254,2016
839030,2016
619610,2015
106358,2013
742300,2016
636846,2015
741316,2016
794398,2016
721202,2016
132878,2013
944804,2016
939636,2016
993892,2016
99946,2013
632488,2015
41890,2013
385684,2015
559438,2015
760698,2016
427066,2015
444644,2015
743846,2016
741172,2016
618396,2015
787686,2016
566856,2015
592122,2015
778682,2016
988678,2016
592606,2015
966522,2016
933814,2016
618334,2015
812610,2016
23861,2012
22825,2012
568322,2016
618370,2015
200722,2014
809968,2016
664764,2016
854690,2016
201894,2014
743970,2016
210020,2014
263672,2014
411986,2015
139778,2014
933816,2016
676432,2015
42255,2014
112602,2013
607360,2015
521440,2015
198692,2014
825186,2016
743932,2016
586490,2015
459804,2015
199500,2014
644654,2016
146450,2014
441996,2015
211714,2014
213984,2014
217540,2014
212438,2014
212520,2014
218596,2014
513528,2015
211026,2014
847808,2016
218856,2014
214218,2014
28295,2013
19603,2012
889438,2016
197836,2014
505208,2015
965870,2016
965528,2016
642410,2015
785388,2016
8325,2011
987064,2016
94428,2013
159070,2014
920306,2016
16646,2012
678142,2015
948440,2016
924704,2016
1027342,2016
1009452,2016
886300,2016
1009254,2016
818990,2016
520116,2016
427530,2015
670034,2015
575880,2015
669270,2015
736940,2016
647442,2015
176432,2014
158934,2014
73080,2013
771198,2016
391546,2015
629088,2015
1006894,2016
579338,2015
945320,2016
64605,2013
897146,2016
989452,2016
917724,2016
970874,2016
911474,2016
425910,2015
842058,2016
937134,2016
796010,2016
752658,2016
560990,2015
918870,2016
283014,2014
787236,2016
883000,2016
938560,2016
991290,2016
860812,2016
939962,2016
874960,2016
24334,2012
997814,2016
641868,2015
883002,2016
47963,2013
671552,2015
1002676,2016
481002,2015
628222,2015
357726,2015
162274,2014
555122,2015
708674,2016
651032,2015
98066,2014
910838,2016
125162,2013
50587,2013
1004788,2016
959200,2016
810550,2016
473160,2015
904076,2016
842728,2016
314462,2014
783748,2016
161986,2014
823236,2016
936504,2016
380092,2015
884946,2016
98140,2013
637974,2016
219838,2014
749560,2016
751100,2016
446736,2015
200854,2014
470288,2015
178640,2014
412952,2015
1033944,2016
833398,2016
140238,2014
875194,2016
991630,2016
303514,2014
134144,2014
94430,2013
788514,2016
629142,2015
992114,2016
379722,2015
652438,2015
882488,2016
723522,2016
945336,2016
23742,2012
266252,2014
473548,2015
920544,2016
993754,2016
997964,2016
812588,2016
531954,2015
1022582,2016
964732,2016
947120,2016
712960,2016
267560,2014
763774,2016
929016,2016
281690,2014
399228,2015
1023062,2016
933260,2016
494078,2015
629082,2015
99986,2013
566248,2015
556248,2015
582392,2015
582636,2015
661802,2015
729552,2016
499632,2015
959586,2016
16151,2012
856490,2016
861528,2016
912996,2016
559512,2015
922600,2016
976284,2016
976598,2016
718426,2016
304490,2014
15285,2012
477702,2015
875882,2016
861122,2016
309370,2014
802268,2016
1016536,2016
711592,2016
928858,2016
791030,2016
944886,2016
758582,2016
390866,2015
1014776,2016
929130,2016
746014,2016
11475,2011
11174,2011
945978,2016
1019276,2016
937586,2016
79154,2013
328476,2014
921474,2016
82778,2014
907386,2016
877124,2016
30240,2013
836044,2016
405818,2015
665042,2016
994634,2016
765916,2016
128950,2014
549064,2015
400280,2015
382856,2015
958982,2016
226534,2014
738726,2016
64422,2013
874166,2016
912946,2016
876544,2016
19332,2012
863954,2016
789324,2016
906700,2016
113706,2013
604044,2015
531290,2015
436210,2015
617158,2016
782192,2016
978728,2016
65493,2013
32649,2012
903140,2016
372518,2014
1045862,2016
99826,2013
595728,2015
876850,2016
113518,2013
834924,2016
764042,2016
821526,2016
838418,2016
342084,2015
669536,2015
511378,2015
553582,2015
566920,2015
406820,2015
636418,2015
986442,2016
996320,2016
936182,2016
905850,2016
547298,2015
294794,2014
615920,2015
955818,2016
65330,2013
173548,2014
738360,2016
650328,2016
69414,2013
500628,2015
384078,2015
451938,2015
657710,2015
977516,2016
316704,2014
106178,2014
629044,2016
476408,2015
217010,2014
576694,2015
527952,2015
745306,2016
674608,2016
957422,2016
511838,2015
621022,2015
30318,2012
695656,2015
445534,2015
983534,2016
563248,2015
701636,2015
797832,2016
41295,2013
413494,2015
911318,2016
197828,2014
576646,2015
984072,2016
709180,2015
188692,2014
683606,2016
429364,2015
1012096,2016
1016388,2016
648118,2015
863812,2016
752432,2016
639848,2015
942366,2016
945602,2016
446608,2015
866384,2016
678150,2016
980114,2016
17887,2012
465210,2015
967422,2016
708558,2015
783686,2016
551072,2015
344224,2014
235104,2014
598970,2015
543346,2015
575644,2015
877036,2016
691760,2016
579182,2015
235990,2014
469678,2015
708514,2015
601260,2015
687642,2015
654422,2015
902748,2016
634754,2015
1026206,2016
484872,2015
773824,2016
846578,2016
358508,2014
975060,2016
904818,2016
472526,2015
241590,2014
642696,2015
389240,2015
297044,2014
462668,2015
565282,2015
1011550,2016
409618,2015
896858,2016
696016,2015
993148,2016
534376,2015
570416,2015
1017116,2016
732556,2016
426196,2015
747552,2016
556922,2016
651780,2015
944906,2016
674646,2015
673420,2015
584758,2015
543090,2015
611308,2015
540724,2015
786494,2016
611518,2015
956888,2016
188828,2014
382258,2015
955138,2016
1038786,2016
512000,2015
903526,2016
53256,2013
947498,2016
761768,2016
173134,2014
881210,2016
767656,2016
671960,2015
686764,2016
862478,2016
834600,2016
690788,2015
1023668,2016
482404,2015
624578,2015
753940,2016
862428,2016
739770,2016
599532,2015
270808,2014
106156,2013
589342,2016
37684,2013
964118,2016
212374,2014
970252,2016
465870,2015
442504,2015
737758,2016
72262,2013
443746,2015
416282,2015
645714,2015
929260,2016
683394,2015
311916,2014
1009166,2016
947116,2016
835712,2016
954036,2016
745120,2016
797040,2016
795278,2016
8324,2011
756914,2016
899534,2016
570848,2015
714678,2016
791610,2016
631472,2015
856530,2016
530092,2015
977470,2016
504316,2015
389018,2015
937206,2016
739090,2016
720144,2016
365816,2015
977474,2016
481696,2016
978850,2016
825354,2016
822670,2016
65492,2013
688968,2015
495484,2015
398456,2015
615084,2015
492818,2015
424864,2016
516062,2015
92760,2013
900434,2016
609992,2015
77642,2013
269006,2014
151956,2014
908996,2016
269638,2014
452684,2015
844458,2016
403604,2015
549094,2015
59014,2013
45941,2013
851868,2016
814206,2016
590406,2015
680180,2015
899492,2016
846412,2016
336938,2015
375136,2014
602218,2015
1022682,2016
968304,2016
180547,2014
641236,2016
130168,2013
1002210,2016
968278,2016
50528,2013
560996,2015
654680,2015
975906,2016
951060,2016
159760,2014
30243,2013
566910,2015
783158,2016
554384,2015
1027812,2016
607048,2015
704732,2016
574876,2015
803378,2016
715516,2016
101864,2013
682484,2015
657734,2015
797038,2016
958750,2016
515188,2015
846832,2016
943306,2016
11153,2011
147908,2014
688092,2015
1047968,2016
585496,2016
911712,2016
803074,2016
200742,2014
143028,2014
173888,2015
361620,2014
418386,2016
212398,2014
653852,2015
598516,2015
900794,2016
564546,2015
516064,2015
1024844,2016
631754,2015
142666,2014
440006,2015
857270,2016
370752,2015
651990,2015
923146,2016
295843,2014
603408,2015
578900,2015
997916,2016
856526,2016
993146,2016
63612,2013
745468,2016
986406,2016
593544,2015
242574,2014
982860,2016
859936,2016
532008,2015
783746,2016
595818,2016
774910,2016
447136,2015
525034,2015
769314,2016
574082,2015
770526,2016
510784,2015
551702,2015
311638,2015
631128,2015
246154,2014
967058,2016
548278,2015
1004134,2016
1025026,2016
687466,2015
369662,2015
318638,2014
231176,2014
34882,2013
537008,2015
806020,2016
1023070,2016
778226,2016
531360,2015
958132,2016
368340,2015
584786,2015
584522,2015
56259,2013
402508,2015
1013380,2016
961996,2016
551962,2015
520870,2015
592352,2015
676554,2015
19422,2012
994362,2016
593128,2015
580466,2015
857162,2016
653846,2016
306556,2014
420652,2015
866460,2016
949282,2016
994740,2016
926206,2016
606756,2015
1013314,2016
859422,2016
1035923,2016
30911,2012
125806,2013
76052,2014
886614,2016
904462,2016
970600,2016
756150,2016
80940,2013
405282,2015
383204,2015
519442,2015
714724,2016
791414,2016
661774,2016
597256,2015
380582,2015
572268,2016
704582,2016
537282,2015
128946,2013
895040,2016
955194,2016
1000574,2016
995016,2016
851712,2016
833442,2016
719002,2016
832862,2016
625204,2015
164554,2014
764164,2016
446134,2015
701634,2016
866696,2016
720356,2016
772618,2016
542254,2015
928040,2016
369132,2015
777654,2016
267286,2014
289230,2014
364426,2015
437398,2015
861624,2016
461160,2015
947098,2016
781532,2016
705264,2015
806922,2016
552598,2015
56585,2013
674040,2015
19260,2012
944156,2016
742712,2016
228934,2015
65355,2013
814848,2016
1021594,2016
548068,2016
738552,2016
128384,2013
610202,2015
856968,2016
352774,2014
130694,2013
425084,2015
1016650,2016
673196,2016
519952,2015
846156,2016
599504,2016
710486,2015
766592,2016
859446,2016
450068,2015
130064,2014
382786,2015
94432,2013
688872,2015
297390,2014
495678,2015
988982,2016
722754,2016
563668,2015
661878,2015
335280,2014
957362,2016
688874,2016
343816,2014
746790,2016
647564,2016
963378,2016
650222,2015
565384,2015
784544,2016
340844,2015
792703,2016
679158,2015
808622,2016
909244,2016
405926,2015
186096,2014
832478,2016
708578,2015
667992,2016
380178,2015
924216,2016
1038538,2016
421018,2015
768612,2016
764076,2016
59535,2013
967424,2016
520302,2015
774648,2016
523312,2015
904890,2016
255878,2014
1052518,2016
824412,2016
425086,2015
420982,2015
552594,2015
477250,2015
92194,2013
699618,2016
467426,2015
1005610,2016
922750,2016
177912,2014
596192,2016
511934,2015
693726,2015
365426,2014
260444,2014
12975,2013
499904,2015
733694,2016
818958,2016
374590,2015
982328,2016
511942,2015
1024888,2016
740762,2016
646056,2015
545524,2015
340362,2014
782194,2016
707962,2016
364616,2014
933110,2016
70640,2013
736250,2016
617886,2015
934570,2016
760306,2016
780058,2016
828042,2016
473338,2015
14571,2012
713098,2016
701570,2016
807874,2016
607056,2015
587902,2015
963412,2016
552198,2015
916902,2016
778112,2016
26845,2012
460056,2015
641732,2015
417914,2015
707682,2016
913966,2016
684794,2015
326326,2014
436496,2015
525114,2015
709460,2016
413618,2015
821788,2016
392836,2015
348920,2014
778084,2016
744618,2016
473622,2015
470412,2015
758208,2016
505780,2015
568524,2015
890810,2016
332252,2014
431576,2015
716310,2016
467186,2015
212376,2014
496006,2015
756050,2016
592594,2015
520308,2015
494510,2015
212624,2014
326244,2014
573716,2015
1021834,2016
288466,2014
581256,2015
863976,2016
681514,2015
864482,2016
339086,2015
639654,2015
60792,2013
948204,2016
82412,2013
986742,2016
18448,2012
552258,2015
1020722,2016
752706,2016
633606,2015
461176,2015
221920,2014
372442,2014
851560,2016
755932,2016
416738,2015
576108,2015
971022,2016
966794,2016
780056,2016
615106,2015
1023196,2016
565000,2015
760752,2016
419318,2015
482834,2015
561136,2015
41356,2013
946310,2016
661780,2015
563020,2015
772224,2016
967410,2016
1007766,2016
837950,2016
737468,2016
394832,2015
384318,2015
294408,2014
564268,2015
368786,2015
311538,2014
825752,2016
56513,2013
921560,2016
366608,2014
527834,2015
287010,2014
1019918,2016
442580,2015
388286,2015
368679,2014
909836,2016
328960,2015
407796,2015
637840,2015
954948,2016
806536,2016
947204,2016
468726,2015
697798,2016
30261,2012
730542,2016
524248,2015
726290,2016
602702,2015
309820,2016
320798,2014
611688,2015
495958,2015
652376,2016
846210,2016
313484,2014
883706,2016
1039596,2016
826366,2016
488220,2015
1012040,2016
669346,2015
123566,2013
628876,2015
378924,2015
869448,2016
628430,2015
882128,2016
149042,2014
513958,2015
769390,2016
830834,2016
564366,2015
823996,2016
260756,2015
533416,2016
672090,2015
873844,2016
628356,2015
362360,2014
961508,2016
58653,2013
152244,2014
591116,2015
969170,2016
653754,2015
1034636,2016
169144,2014
507992,2015
554570,2015
284076,2014
399640,2015
50522,2014
800148,2016
976854,2016
529028,2015
563880,2015
288258,2014
137650,2014
858762,2016
113888,2013
25615,2012
352748,2014
656522,2015
253246,2014
690966,2016
655298,2015
910624,2016
735796,2016
873824,2016
642940,2015
422012,2015
897314,2016
1008246,2016
576722,2015
811452,2016
212394,2014
845794,2016
835346,2016
973932,2016
954710,2016
525818,2015
826568,2016
665686,2015
969348,2016
599628,2015
403106,2015
145812,2014
935014,2016
616818,2015
264790,2014
943386,2016
576054,2016
392526,2015
258886,2015
155640,2014
261148,2014
939536,2016
368908,2014
709324,2015
366720,2014
554136,2015
455680,2015
667744,2015
975916,2016
1018530,2016
516790,2015
949134,2016
833182,2016
654832,2015
895096,2016
459922,2015
577796,2015
747650,2016
761770,2016
723878,2016
1036028,2016
21386,2012
968292,2016
523216,2015
270976,2014
679992,2015
330900,2014
667122,2015
865438,2016
775618,2016
635248,2015
905096,2016
297602,2014
