student_id,cohort,age,admission_grade,international,first_gen,su_scholarship,fees_owed,moved_from_home,married,evening_programme,programme,gender,logins_total,logins_last3,logins_trend,submitted_share,missed_last3,quiz_mean,weeks_since_login
S260000,2026,20,11.7,1,0,1,0,1,0,0,Communication & Digital Media,female,10,6.0,0.67,0.33,2.0,68.0,0.0
S260001,2026,19,5.3,1,1,0,1,1,0,0,Communication & Digital Media,female,21,11.0,0.33,1.0,0.0,60.33,0.0
S260004,2026,24,3.6,0,1,1,0,1,0,0,Health Science,female,42,16.0,-3.33,0.83,1.0,57.4,0.0
S260005,2026,21,6.5,0,1,0,0,0,0,1,Social Work,female,31,15.0,-0.33,0.83,1.0,61.4,0.0
S260006,2026,20,10.7,1,1,0,0,0,0,0,Communication & Digital Media,female,20,12.0,1.33,0.83,1.0,79.4,0.0
S260007,2026,18,11.1,0,1,1,0,0,0,0,Communication & Digital Media,female,47,25.0,1.0,0.83,0.0,85.4,0.0
S260008,2026,18,7.0,0,1,0,0,1,0,0,Health Science,female,20,10.0,0.0,0.67,1.0,52.75,0.0
S260010,2026,23,8.8,0,1,0,0,1,0,0,Communication & Digital Media,male,31,17.0,1.0,1.0,0.0,72.17,0.0
S260011,2026,19,7.6,0,1,1,0,1,0,0,Sustainable Biotechnology,female,36,21.0,2.0,0.83,1.0,67.0,0.0
S260012,2026,19,7.1,0,1,0,0,0,0,0,Health Science,female,45,18.0,-3.0,0.83,1.0,60.6,0.0
S260013,2026,21,6.0,1,0,0,1,0,0,0,Sustainable Biotechnology,female,14,7.0,0.0,0.67,0.0,57.0,0.0
S260014,2026,20,5.6,0,1,0,1,1,0,0,Tourism,female,71,36.0,0.33,0.83,0.0,64.6,0.0
S260015,2026,34,8.1,0,1,0,0,1,1,0,Business Administration,female,15,4.0,-2.33,0.83,1.0,66.6,0.0
S260016,2026,18,6.5,0,1,1,0,1,0,0,Health Science,female,30,18.0,2.0,0.67,1.0,61.0,0.0
S260017,2026,18,6.5,0,1,0,0,1,0,0,Business Administration,male,27,10.0,-2.33,0.67,1.0,65.5,0.0
S260018,2026,21,6.8,0,1,0,0,1,0,0,Communication & Digital Media,male,39,20.0,0.33,1.0,0.0,67.67,0.0
S260019,2026,23,7.8,1,1,0,0,1,0,0,Health Science,female,17,5.0,-2.33,0.83,0.0,53.2,0.0
S260023,2026,18,7.7,0,1,0,1,0,0,0,Communication & Digital Media,female,15,8.0,0.33,0.5,1.0,64.33,0.0
S260024,2026,20,6.5,1,1,1,1,1,0,0,Social Work,female,12,7.0,0.67,0.67,2.0,64.5,0.0
S260025,2026,18,4.5,0,1,1,0,1,0,0,Tourism,female,28,18.0,2.67,0.83,0.0,47.0,0.0
S260026,2026,18,4.9,0,1,0,0,1,0,0,Social Work,female,21,11.0,0.33,0.83,1.0,52.4,0.0
S260027,2026,19,8.3,0,1,1,0,0,0,1,Social Work,female,61,29.0,-1.0,1.0,0.0,73.0,0.0
S260028,2026,19,5.9,0,1,0,0,1,0,0,Business Administration,male,56,28.0,0.0,0.83,1.0,71.0,0.0
S260029,2026,22,4.0,0,1,0,0,1,0,0,Health Science,male,42,19.0,-1.33,1.0,0.0,45.5,0.0
S260030,2026,22,7.8,0,1,0,0,0,0,0,Communication & Digital Media,female,10,4.0,-0.67,0.67,1.0,56.25,0.0
S260031,2026,26,8.8,0,1,0,0,0,0,0,Communication & Digital Media,male,51,23.0,-1.67,0.83,1.0,68.8,0.0
S260032,2026,30,11.9,1,1,1,0,0,0,1,Business Administration,female,22,9.0,-1.33,0.83,0.0,84.6,0.0
S260033,2026,20,7.1,0,1,1,0,1,0,0,Social Work,female,36,25.0,4.67,0.67,0.0,55.75,0.0
S260034,2026,18,10.5,0,1,0,0,1,0,0,Communication & Digital Media,female,18,10.0,0.67,0.67,1.0,73.25,0.0
S260035,2026,22,7.8,0,0,0,0,1,0,0,Communication & Digital Media,male,55,30.0,1.67,1.0,0.0,68.67,0.0
S260036,2026,30,4.0,0,1,0,0,1,0,1,Social Work,male,12,8.0,1.33,0.33,1.0,45.0,0.0
S260037,2026,23,6.4,0,1,0,0,1,0,0,Communication & Digital Media,female,15,3.0,-3.0,0.5,2.0,50.33,2.0
S260038,2026,18,4.4,0,0,0,0,1,0,0,Communication & Digital Media,male,60,24.0,-4.0,0.83,1.0,57.4,0.0
S260039,2026,19,8.5,0,1,1,0,1,0,0,Health Science,female,27,12.0,-1.0,0.67,2.0,73.25,0.0
S260040,2026,19,9.7,1,1,0,0,0,0,0,Communication & Digital Media,female,22,13.0,1.33,0.83,0.0,76.4,0.0
S260041,2026,21,3.9,0,1,1,0,1,0,0,Communication & Digital Media,female,36,17.0,-0.67,0.5,2.0,43.67,0.0
S260042,2026,19,6.1,0,1,1,0,1,0,0,Health Science,female,44,23.0,0.67,1.0,0.0,65.0,0.0
S260043,2026,18,6.1,0,1,0,0,0,0,0,Health Science,female,37,20.0,1.0,1.0,0.0,56.83,0.0
S260044,2026,19,7.5,0,0,0,0,1,0,0,Tourism,female,46,24.0,0.67,0.83,0.0,64.2,0.0
S260045,2026,18,4.2,1,1,0,0,0,0,0,Health Science,female,11,8.0,1.67,0.83,0.0,51.2,0.0
S260046,2026,18,6.9,0,1,0,0,1,0,0,Tourism,female,26,12.0,-0.67,0.5,2.0,58.0,0.0
S260047,2026,20,6.6,0,0,0,0,1,0,0,Health Science,female,10,2.0,-2.0,0.17,3.0,53.0,0.0
S260048,2026,18,6.1,0,1,0,0,1,0,0,Learning & Innovation,female,46,24.0,0.67,1.0,0.0,63.83,0.0
S260049,2026,19,7.5,1,1,1,0,1,0,0,Communication & Digital Media,female,28,13.0,-0.67,1.0,0.0,64.5,0.0
S260052,2026,19,6.0,0,1,1,0,1,0,0,Social Work,female,34,18.0,0.67,0.67,2.0,54.5,0.0
S260053,2026,18,7.8,0,0,0,0,1,0,0,Health Science,female,51,25.0,-0.33,0.83,1.0,73.6,0.0
S260055,2026,20,6.2,0,1,0,0,1,0,0,Software,male,18,5.0,-2.67,0.83,1.0,56.8,0.0
S260056,2026,20,7.9,0,1,0,0,1,0,0,Health Science,female,42,23.0,1.33,0.83,0.0,63.0,0.0
S260057,2026,27,4.5,0,1,0,0,0,0,1,Business Administration,male,18,11.0,1.33,0.33,2.0,65.0,0.0
S260059,2026,34,10.9,0,0,0,0,0,0,0,Tourism,male,20,12.0,1.33,0.67,1.0,77.75,0.0
S260060,2026,18,11.1,0,0,0,0,0,0,0,Health Science,female,47,22.0,-1.0,0.83,1.0,82.6,0.0
S260061,2026,18,6.6,0,1,1,0,1,0,0,Health Science,female,40,26.0,4.0,0.83,0.0,63.6,0.0
S260064,2026,35,4.2,0,1,1,0,0,1,1,Business Administration,female,23,10.0,-1.0,0.67,0.0,56.0,0.0
S260065,2026,18,5.3,0,0,0,0,1,0,0,Health Science,female,33,13.0,-2.33,1.0,0.0,57.17,0.0
S260066,2026,19,7.8,0,1,0,0,1,0,0,Communication & Digital Media,male,34,18.0,0.67,0.83,1.0,57.0,0.0
S260067,2026,20,5.1,0,1,0,0,1,0,0,Business Administration,male,49,21.0,-2.33,0.83,1.0,56.8,0.0
S260068,2026,25,7.8,0,1,0,0,0,0,1,Social Work,male,15,7.0,-0.33,0.33,2.0,57.5,0.0
S260069,2026,19,8.3,0,0,0,0,0,0,0,Sustainable Biotechnology,male,25,12.0,-0.33,1.0,0.0,74.17,0.0
S260071,2026,18,8.1,1,1,0,0,1,0,0,Communication & Digital Media,female,22,14.0,2.0,0.83,0.0,67.2,0.0
S260072,2026,18,7.3,0,1,1,0,1,0,0,Business Administration,female,33,21.0,3.0,0.67,1.0,67.25,0.0
S260073,2026,21,6.1,0,1,0,0,1,0,0,Communication & Digital Media,male,18,7.0,-1.33,0.5,1.0,60.0,0.0
S260074,2026,25,8.9,0,1,0,0,1,0,0,Communication & Digital Media,male,15,7.0,-0.33,0.67,1.0,58.0,0.0
S260075,2026,18,6.6,0,1,1,0,0,0,0,Health Science,female,50,21.0,-2.67,0.67,0.0,67.5,0.0
S260076,2026,18,7.7,1,1,0,0,1,0,0,Sustainable Biotechnology,female,28,11.0,-2.0,0.83,1.0,66.4,0.0
S260077,2026,23,5.8,0,1,0,0,1,0,0,Communication & Digital Media,male,22,10.0,-0.67,0.83,0.0,50.0,0.0
S260078,2026,22,8.6,0,1,0,0,1,0,0,Communication & Digital Media,female,56,28.0,0.0,1.0,0.0,67.5,0.0
S260079,2026,27,3.6,0,1,0,0,0,0,1,Business Administration,female,82,38.0,-2.0,0.83,1.0,58.2,0.0
S260081,2026,18,6.1,0,1,0,0,0,0,0,Software,female,14,5.0,-1.33,0.67,2.0,62.0,0.0
S260082,2026,29,8.8,0,1,0,0,0,0,0,Health Science,female,24,12.0,0.0,0.67,0.0,59.5,0.0
S260083,2026,34,5.2,1,1,0,0,0,0,1,Business Administration,female,24,10.0,-1.33,0.83,0.0,63.4,0.0
S260084,2026,18,7.1,0,1,1,0,1,0,0,Health Science,female,45,23.0,0.33,1.0,0.0,67.83,0.0
S260085,2026,19,3.7,0,1,0,0,1,0,0,Business Administration,male,49,22.0,-1.67,0.5,2.0,52.33,0.0
S260086,2026,28,5.6,0,1,0,1,0,0,0,Social Work,female,57,26.0,-1.67,1.0,0.0,61.33,0.0
S260087,2026,18,8.8,0,0,0,0,1,0,0,Health Science,female,19,10.0,0.33,0.83,0.0,69.2,0.0
S260088,2026,28,9.1,0,1,0,0,0,0,0,Health Science,male,48,22.0,-1.33,0.83,1.0,74.2,0.0
S260089,2026,20,2.3,1,0,0,0,0,0,0,Sustainable Biotechnology,male,58,27.0,-1.33,1.0,0.0,62.83,0.0
S260090,2026,21,7.4,1,1,1,0,0,0,0,Social Work,female,30,12.0,-2.0,0.83,1.0,64.0,0.0
S260091,2026,22,7.2,0,1,0,1,1,0,0,Communication & Digital Media,male,33,16.0,-0.33,0.83,0.0,64.8,0.0
S260092,2026,33,10.5,0,0,1,0,0,1,0,Health Science,female,35,16.0,-1.0,1.0,0.0,73.67,0.0
S260093,2026,18,6.0,0,1,0,0,1,0,0,Communication & Digital Media,female,26,13.0,0.0,1.0,0.0,49.0,0.0
S260094,2026,21,8.4,1,0,0,1,0,0,0,Communication & Digital Media,female,22,11.0,0.0,1.0,0.0,65.17,0.0
S260095,2026,44,2.0,0,1,0,0,1,0,0,Sustainable Biotechnology,male,31,13.0,-1.67,0.5,1.0,39.0,0.0
S260096,2026,19,8.9,0,0,0,0,1,0,0,Sustainable Biotechnology,female,39,20.0,0.33,0.83,0.0,71.0,0.0
S260097,2026,21,6.7,1,1,0,1,1,0,0,Social Work,female,24,14.0,1.33,0.5,2.0,42.33,0.0
S260098,2026,19,12.0,0,0,0,0,1,0,0,Sustainable Biotechnology,male,70,34.0,-0.67,1.0,0.0,89.67,0.0
S260100,2026,19,6.5,0,1,0,0,1,0,0,Software,male,19,8.0,-1.0,0.83,0.0,57.2,0.0
S260101,2026,35,12.0,0,1,0,0,0,1,1,Business Administration,female,22,10.0,-0.67,0.33,3.0,70.0,0.0
S260102,2026,22,7.8,1,1,0,0,1,0,0,Health Science,female,24,12.0,0.0,1.0,0.0,64.0,0.0
S260103,2026,19,4.9,0,1,0,0,0,0,0,Communication & Digital Media,male,11,3.0,-1.67,0.67,1.0,42.75,1.0
S260104,2026,18,10.0,1,1,1,0,0,0,0,Communication & Digital Media,female,55,30.0,1.67,1.0,0.0,87.83,0.0
S260105,2026,25,9.7,0,1,0,1,0,0,0,Health Science,female,35,22.0,3.0,0.83,0.0,70.8,0.0
S260106,2026,29,8.5,1,1,0,0,0,1,0,Communication & Digital Media,female,12,7.0,0.67,0.67,2.0,60.75,0.0
S260107,2026,20,6.2,0,1,0,0,1,0,0,Business Administration,male,88,46.0,1.33,1.0,0.0,67.33,0.0
S260108,2026,24,6.5,0,1,1,0,0,0,1,Social Work,female,28,15.0,0.67,0.5,2.0,59.0,0.0
S260109,2026,21,4.5,0,1,0,0,1,0,0,Business Administration,female,69,35.0,0.33,0.83,0.0,58.0,0.0
S260110,2026,19,5.2,0,0,0,0,0,0,0,Business Administration,male,63,33.0,1.0,1.0,0.0,65.83,0.0
S260111,2026,24,8.6,1,1,0,0,1,0,1,Social Work,male,24,12.0,0.0,0.83,1.0,73.8,0.0
S260112,2026,23,9.0,0,0,0,0,0,0,0,Health Science,male,48,23.0,-0.67,0.83,0.0,81.0,0.0
S260113,2026,24,9.2,0,0,0,1,1,0,0,Sustainable Biotechnology,male,23,15.0,2.33,1.0,0.0,69.17,0.0
S260114,2026,21,6.8,0,1,0,1,1,0,0,Business Administration,female,61,32.0,1.0,1.0,0.0,59.33,0.0
S260115,2026,19,10.0,0,0,0,0,1,0,0,Social Work,female,30,14.0,-0.67,1.0,0.0,74.67,0.0
S260116,2026,18,9.6,0,0,0,0,1,0,0,Tourism,male,29,18.0,2.33,1.0,0.0,80.17,0.0
S260117,2026,59,3.7,1,1,0,0,0,1,0,Communication & Digital Media,female,23,12.0,0.33,0.67,2.0,61.0,0.0
S260118,2026,18,9.1,0,1,1,0,1,0,0,Health Science,male,44,21.0,-0.67,1.0,0.0,72.5,0.0
S260119,2026,20,9.0,0,0,0,0,1,0,0,Communication & Digital Media,male,56,28.0,0.0,0.67,1.0,69.0,0.0
S260120,2026,18,11.7,0,1,0,0,1,0,0,Communication & Digital Media,female,35,15.0,-1.67,0.83,0.0,88.8,0.0
S260122,2026,20,6.4,0,1,0,0,0,0,1,Social Work,male,47,21.0,-1.67,1.0,0.0,63.17,0.0
S260123,2026,18,9.7,0,1,1,0,1,0,0,Tourism,female,31,17.0,1.0,0.67,1.0,74.25,0.0
S260124,2026,20,9.7,0,1,0,0,0,0,0,Social Work,female,42,13.0,-5.33,1.0,0.0,76.83,0.0
S260125,2026,18,9.9,0,1,0,0,0,0,0,Business Administration,female,26,19.0,4.0,0.83,0.0,74.4,0.0
S260126,2026,19,5.4,0,1,1,0,1,0,0,Learning & Innovation,female,25,12.0,-0.33,0.83,0.0,66.6,0.0
S260127,2026,32,8.6,0,1,0,0,0,0,0,Health Science,female,10,3.0,-1.33,0.5,2.0,53.33,0.0
S260128,2026,18,10.2,0,1,0,0,0,0,0,Software,male,39,21.0,1.0,1.0,0.0,74.17,0.0
S260129,2026,19,8.3,0,1,0,0,1,0,0,Social Work,female,27,11.0,-1.67,1.0,0.0,71.67,0.0
S260130,2026,24,8.4,1,1,0,1,0,0,0,Communication & Digital Media,female,13,5.0,-1.0,0.5,1.0,68.33,0.0
S260131,2026,20,7.0,0,1,0,0,1,0,0,Health Science,female,16,6.0,-1.33,0.67,1.0,67.5,0.0
S260133,2026,18,6.9,0,1,0,0,0,0,0,Health Science,female,71,34.0,-1.0,0.83,0.0,71.2,0.0
S260134,2026,19,7.0,0,1,1,0,1,0,0,Health Science,female,32,13.0,-2.0,0.83,1.0,59.0,0.0
S260135,2026,19,7.4,0,0,0,0,0,0,0,Health Science,female,36,19.0,0.67,1.0,0.0,64.67,0.0
S260136,2026,32,8.2,0,1,1,0,0,1,0,Learning & Innovation,female,39,18.0,-1.0,0.83,1.0,63.0,0.0
S260137,2026,21,2.2,0,1,0,0,1,0,0,Social Work,female,37,16.0,-1.67,0.67,1.0,47.0,0.0
S260138,2026,25,7.8,0,1,0,0,0,0,1,Social Work,female,31,16.0,0.33,0.83,0.0,65.4,0.0
S260139,2026,20,8.9,0,1,1,0,0,0,0,Tourism,female,26,14.0,0.67,0.83,1.0,65.8,0.0
S260140,2026,23,8.6,1,1,0,0,0,0,0,Sustainable Biotechnology,male,39,14.0,-3.67,1.0,0.0,65.67,0.0
S260141,2026,18,12.0,1,0,0,0,1,0,0,Health Science,female,37,17.0,-1.0,0.83,1.0,99.4,0.0
S260142,2026,18,10.2,1,1,0,0,1,0,0,Communication & Digital Media,female,6,3.0,0.0,0.83,0.0,59.0,0.0
S260143,2026,20,8.8,1,1,0,0,0,0,0,Business Administration,male,29,13.0,-1.0,1.0,0.0,78.0,0.0
S260144,2026,18,6.9,0,1,1,0,1,0,0,Health Science,female,19,13.0,2.33,0.83,0.0,60.0,0.0
S260145,2026,38,7.4,0,1,0,0,0,1,0,Communication & Digital Media,male,12,7.0,0.67,0.5,1.0,57.33,0.0
S260146,2026,19,6.7,0,1,1,0,1,0,0,Learning & Innovation,female,52,25.0,-0.67,1.0,0.0,68.0,0.0
S260147,2026,18,9.1,0,1,0,0,1,0,0,Social Work,female,46,23.0,0.0,1.0,0.0,73.67,0.0
S260148,2026,19,5.5,0,1,0,0,1,0,0,Social Work,female,12,5.0,-0.67,0.33,2.0,43.5,0.0
S260149,2026,19,8.3,1,1,1,0,1,0,0,Health Science,female,16,10.0,1.33,1.0,0.0,67.83,0.0
S260150,2026,22,4.3,0,1,0,0,0,0,0,Communication & Digital Media,male,14,6.0,-0.67,0.5,0.0,43.33,0.0
S260151,2026,24,9.5,1,0,0,1,1,0,0,Health Science,female,22,5.0,-4.0,0.67,1.0,72.0,0.0
S260152,2026,20,7.5,0,1,0,0,1,0,0,Health Science,female,48,22.0,-1.33,0.83,0.0,68.8,0.0
S260153,2026,22,3.8,0,1,1,0,1,0,0,Communication & Digital Media,male,28,17.0,2.0,1.0,0.0,52.67,0.0
S260154,2026,19,6.2,0,1,1,0,1,0,0,Health Science,female,30,13.0,-1.33,0.83,0.0,51.2,0.0
S260155,2026,18,6.5,0,1,1,0,0,0,0,Learning & Innovation,female,30,18.0,2.0,0.83,0.0,68.0,0.0
S260156,2026,23,4.1,0,1,0,0,1,0,0,Communication & Digital Media,female,14,6.0,-0.67,0.67,1.0,53.75,0.0
S260158,2026,21,8.4,0,1,1,0,1,0,0,Learning & Innovation,female,73,37.0,0.33,1.0,0.0,78.83,0.0
S260159,2026,24,6.6,0,1,0,0,0,0,1,Social Work,male,28,16.0,1.33,0.5,2.0,68.33,0.0
S260160,2026,18,6.1,0,1,1,0,1,0,0,Social Work,female,58,32.0,2.0,0.83,0.0,67.4,0.0
S260161,2026,19,5.4,0,1,1,0,1,0,0,Health Science,female,41,22.0,1.0,1.0,0.0,58.33,0.0
S260162,2026,20,8.4,1,1,0,0,1,0,0,Health Science,female,35,21.0,2.33,1.0,0.0,72.5,0.0
S260163,2026,19,8.8,0,1,0,0,1,0,0,Social Work,female,23,15.0,2.33,0.67,1.0,66.0,0.0
S260164,2026,54,6.5,0,1,0,0,0,0,0,Tourism,male,22,11.0,0.0,0.67,2.0,60.25,0.0
S260165,2026,21,6.2,0,1,1,1,0,0,0,Business Administration,male,33,12.0,-3.0,0.67,1.0,63.0,0.0
S260166,2026,20,6.6,0,1,0,0,1,0,0,Health Science,female,59,35.0,3.67,0.83,1.0,72.4,0.0
S260167,2026,18,8.8,0,1,0,0,1,0,0,Health Science,female,62,31.0,0.0,1.0,0.0,73.17,0.0
S260169,2026,18,5.5,0,1,1,0,1,0,0,Communication & Digital Media,female,51,24.0,-1.0,1.0,0.0,58.67,0.0
S260170,2026,19,4.2,0,1,0,0,1,0,0,Communication & Digital Media,female,91,44.0,-1.0,1.0,0.0,54.0,0.0
S260171,2026,19,7.2,0,1,0,0,1,0,0,Business Administration,male,36,19.0,0.67,0.5,1.0,57.0,0.0
S260173,2026,46,6.0,0,1,0,0,1,1,0,Health Science,female,39,10.0,-6.33,0.83,1.0,58.6,0.0
S260174,2026,19,7.3,0,1,1,0,1,0,0,Health Science,female,43,26.0,3.0,1.0,0.0,68.83,0.0
S260175,2026,28,10.7,0,1,0,0,0,0,1,Business Administration,male,22,10.0,-0.67,0.5,2.0,70.0,0.0
S260176,2026,19,8.7,0,1,0,0,1,0,0,Communication & Digital Media,female,54,28.0,0.67,1.0,0.0,72.83,0.0
S260177,2026,53,5.8,0,1,1,0,1,0,0,Social Work,female,70,30.0,-3.33,0.83,0.0,65.0,0.0
S260179,2026,18,10.0,0,1,0,0,0,0,0,Communication & Digital Media,male,16,3.0,-3.33,0.67,1.0,71.5,0.0
S260180,2026,20,10.1,0,1,1,0,0,0,0,Learning & Innovation,female,35,18.0,0.33,0.83,0.0,76.4,0.0
S260181,2026,18,7.4,0,1,0,0,1,0,0,Social Work,female,31,14.0,-1.0,0.83,0.0,68.6,0.0
S260182,2026,19,5.7,0,1,0,0,0,0,0,Communication & Digital Media,female,55,25.0,-1.67,0.83,0.0,66.4,0.0
S260183,2026,19,7.4,0,1,1,0,0,0,0,Software,male,36,11.0,-4.67,1.0,0.0,74.17,0.0
S260184,2026,25,6.1,0,1,1,0,0,0,0,Health Science,female,44,23.0,0.67,1.0,0.0,68.0,0.0
S260185,2026,19,9.5,0,1,0,0,1,0,0,Communication & Digital Media,male,16,7.0,-0.67,0.5,2.0,65.0,0.0
S260186,2026,20,8.4,0,1,0,0,1,0,1,Social Work,female,34,17.0,0.0,1.0,0.0,69.5,0.0
S260187,2026,19,6.5,1,0,0,1,0,0,0,Sustainable Biotechnology,female,11,10.0,3.0,0.67,0.0,55.75,0.0
S260189,2026,21,9.0,0,1,0,0,1,0,0,Health Science,female,45,20.0,-1.67,1.0,0.0,73.33,0.0
S260190,2026,21,7.8,0,1,0,0,1,0,0,Business Administration,male,18,8.0,-0.67,0.83,0.0,64.0,0.0
S260191,2026,40,8.2,0,1,0,0,0,1,0,Business Administration,female,47,21.0,-1.67,0.83,1.0,60.4,0.0
S260192,2026,18,10.0,0,1,0,0,1,0,0,Communication & Digital Media,female,28,13.0,-0.67,0.83,1.0,78.4,0.0
S260193,2026,20,5.8,0,0,0,0,0,0,0,Communication & Digital Media,male,38,12.0,-4.67,0.33,2.0,53.5,0.0
S260194,2026,18,8.2,0,1,0,1,1,0,0,Software,male,26,15.0,1.33,0.83,0.0,70.8,0.0
S260195,2026,18,9.1,1,0,0,0,1,0,0,Software,male,29,15.0,0.33,0.83,1.0,75.4,0.0
S260197,2026,39,7.6,0,1,0,0,1,1,0,Business Administration,female,32,16.0,0.0,0.33,3.0,65.5,0.0
S260198,2026,21,12.0,0,1,0,1,1,0,0,Sustainable Biotechnology,male,36,13.0,-3.33,1.0,0.0,94.17,0.0
S260200,2026,18,7.8,0,1,1,0,1,0,0,Health Science,female,47,28.0,3.0,0.83,1.0,76.2,0.0
S260202,2026,22,10.1,0,1,1,0,0,0,1,Social Work,female,30,14.0,-0.67,1.0,0.0,80.17,0.0
S260205,2026,22,4.3,0,1,0,0,1,0,0,Tourism,male,36,20.0,1.33,0.83,0.0,57.2,0.0
S260206,2026,20,10.5,0,0,0,0,1,0,0,Communication & Digital Media,female,33,18.0,1.0,0.83,1.0,84.6,0.0
S260207,2026,23,7.2,0,0,0,0,1,0,1,Business Administration,male,33,12.0,-3.0,0.83,0.0,64.0,0.0
S260208,2026,55,4.0,0,1,0,0,0,0,0,Communication & Digital Media,male,34,19.0,1.33,0.67,0.0,54.75,0.0
S260209,2026,24,9.7,0,1,0,0,1,0,0,Social Work,female,64,33.0,0.67,1.0,0.0,85.5,0.0
S260211,2026,44,4.8,0,1,0,0,1,1,1,Social Work,female,45,23.0,0.33,0.83,0.0,63.2,0.0
S260212,2026,26,12.0,0,1,0,0,0,0,0,Sustainable Biotechnology,male,16,6.0,-1.33,0.5,1.0,75.0,1.0
S260213,2026,31,6.0,0,1,0,0,1,0,1,Social Work,female,33,16.0,-0.33,0.67,1.0,56.75,0.0
S260214,2026,19,4.4,0,1,0,0,0,0,0,Social Work,male,19,8.0,-1.0,0.83,0.0,56.8,0.0
S260215,2026,20,8.1,0,1,0,0,1,0,0,Business Administration,female,50,25.0,0.0,0.83,1.0,61.6,0.0
S260216,2026,29,7.0,0,1,0,0,0,0,1,Business Administration,female,35,21.0,2.33,1.0,0.0,59.5,0.0
S260219,2026,18,5.8,0,0,0,0,1,0,0,Communication & Digital Media,female,23,10.0,-1.0,0.5,1.0,63.33,0.0
S260220,2026,19,7.5,0,1,1,1,1,0,0,Communication & Digital Media,female,61,34.0,2.33,1.0,0.0,68.17,0.0
S260221,2026,20,4.3,0,1,1,0,1,0,0,Health Science,female,55,27.0,-0.33,0.83,0.0,59.0,0.0
S260222,2026,19,6.7,0,1,1,0,0,0,0,Communication & Digital Media,female,32,18.0,1.33,0.83,0.0,63.4,0.0
S260223,2026,18,4.4,0,1,0,1,1,0,0,Social Work,female,17,7.0,-1.0,0.67,2.0,42.25,0.0
S260224,2026,20,5.7,0,1,0,0,0,0,0,Tourism,female,39,22.0,1.67,0.83,0.0,56.6,0.0
S260225,2026,19,2.1,0,1,1,0,0,0,0,Health Science,female,52,28.0,1.33,1.0,0.0,61.17,0.0
S260226,2026,18,9.6,0,1,1,0,1,0,0,Learning & Innovation,female,33,18.0,1.0,1.0,0.0,84.0,0.0
S260227,2026,18,5.6,0,1,0,0,1,0,0,Health Science,male,21,16.0,3.67,0.83,1.0,65.2,0.0
S260228,2026,20,8.8,1,1,0,0,1,0,0,Health Science,female,34,16.0,-0.67,1.0,0.0,71.5,0.0
S260229,2026,26,6.6,0,1,0,0,0,0,0,Communication & Digital Media,male,57,31.0,1.67,0.67,2.0,70.25,0.0
S260230,2026,19,6.0,0,1,1,0,0,0,0,Business Administration,male,34,18.0,0.67,0.83,0.0,62.2,0.0
S260231,2026,33,4.2,0,1,0,0,0,1,1,Business Administration,female,52,34.0,5.33,0.83,0.0,61.4,0.0
S260232,2026,18,6.5,0,1,1,0,1,0,0,Health Science,female,38,22.0,2.0,1.0,0.0,66.83,0.0
S260233,2026,18,10.5,1,1,0,0,1,0,0,Communication & Digital Media,female,37,14.0,-3.0,1.0,0.0,78.83,0.0
S260234,2026,20,5.6,0,1,0,0,1,0,0,Communication & Digital Media,female,20,9.0,-0.67,0.83,1.0,59.6,0.0
S260235,2026,20,7.3,1,1,0,0,0,0,0,Communication & Digital Media,male,30,17.0,1.33,1.0,0.0,65.33,0.0
S260236,2026,27,10.8,1,0,0,0,1,1,0,Health Science,female,28,14.0,0.0,0.83,1.0,77.4,0.0
S260237,2026,18,7.1,0,1,1,0,1,0,0,Business Administration,male,24,13.0,0.67,0.67,1.0,58.25,0.0
S260238,2026,23,9.1,1,1,0,0,0,0,0,Business Administration,female,16,9.0,0.67,0.83,0.0,63.6,0.0
S260239,2026,18,5.0,0,1,0,0,1,0,0,Communication & Digital Media,female,13,6.0,-0.33,0.67,1.0,56.25,0.0
S260240,2026,18,7.0,0,1,0,0,1,0,0,Social Work,female,25,12.0,-0.33,1.0,0.0,61.0,0.0
S260242,2026,21,5.6,0,1,1,0,1,0,0,Health Science,male,37,20.0,1.0,0.67,0.0,61.25,0.0
S260243,2026,52,5.1,0,1,0,0,0,1,0,Communication & Digital Media,female,40,16.0,-2.67,1.0,0.0,62.17,0.0
S260244,2026,19,8.7,0,1,0,0,1,0,0,Health Science,female,27,13.0,-0.33,0.67,1.0,67.25,0.0
S260245,2026,20,8.3,0,1,1,0,1,0,0,Communication & Digital Media,female,52,29.0,2.0,1.0,0.0,73.5,0.0
S260246,2026,30,5.0,0,1,0,0,0,0,0,Sustainable Biotechnology,male,31,14.0,-1.0,0.33,2.0,56.0,0.0
S260248,2026,21,10.5,0,0,0,0,0,0,0,Sustainable Biotechnology,male,33,16.0,-0.33,1.0,0.0,77.0,0.0
S260249,2026,20,6.8,0,1,1,1,1,0,0,Social Work,female,42,20.0,-0.67,0.67,1.0,64.5,0.0
S260250,2026,23,6.5,1,0,0,0,1,0,0,Business Administration,female,6,0.0,-2.0,0.17,2.0,61.0,3.0
S260251,2026,20,6.8,0,1,0,0,0,0,0,Health Science,male,44,20.0,-1.33,0.83,0.0,72.2,0.0
S260252,2026,20,6.7,1,0,0,1,0,0,0,Sustainable Biotechnology,female,23,12.0,0.33,1.0,0.0,58.83,0.0
S260253,2026,19,2.5,1,0,0,0,0,0,0,Sustainable Biotechnology,female,17,11.0,1.67,0.33,2.0,51.5,0.0
S260255,2026,18,8.6,1,1,0,0,1,0,0,Health Science,female,25,15.0,1.67,0.5,1.0,81.0,0.0
S260256,2026,25,5.1,0,1,1,0,1,0,0,Health Science,female,42,19.0,-1.33,1.0,0.0,55.83,0.0
S260258,2026,18,8.7,0,1,1,0,0,0,0,Communication & Digital Media,female,25,13.0,0.33,1.0,0.0,75.5,0.0
S260261,2026,27,9.6,0,1,0,0,0,0,1,Business Administration,female,36,16.0,-1.33,0.67,2.0,72.5,0.0
S260262,2026,18,5.4,0,1,0,0,0,0,0,Learning & Innovation,female,46,25.0,1.33,0.67,1.0,57.25,0.0
S260263,2026,19,6.2,0,1,1,0,1,0,0,Tourism,female,43,17.0,-3.0,1.0,0.0,67.0,0.0
S260264,2026,18,6.6,0,1,0,0,1,0,0,Health Science,female,18,10.0,0.67,0.67,0.0,57.25,0.0
S260265,2026,25,4.3,0,1,1,0,0,0,0,Health Science,male,37,16.0,-1.67,0.83,1.0,54.4,0.0
S260266,2026,23,7.5,1,0,0,0,1,0,0,Business Administration,male,10,6.0,0.67,0.83,1.0,64.6,0.0
S260267,2026,18,8.1,0,1,1,0,1,0,0,Health Science,female,39,25.0,3.67,0.83,1.0,64.2,0.0
S260268,2026,21,8.3,0,1,0,0,1,0,0,Communication & Digital Media,male,25,13.0,0.33,0.83,1.0,63.8,0.0
S260269,2026,19,8.5,0,1,0,0,1,0,0,Communication & Digital Media,male,15,4.0,-2.33,0.67,1.0,50.0,0.0
S260271,2026,20,5.3,0,0,0,1,1,0,0,Communication & Digital Media,male,13,6.0,-0.33,0.33,3.0,37.0,1.0
S260272,2026,20,4.9,0,1,1,0,1,0,0,Health Science,female,45,20.0,-1.67,1.0,0.0,62.5,0.0
S260273,2026,19,6.6,0,0,0,0,1,0,0,Communication & Digital Media,female,53,26.0,-0.33,1.0,0.0,70.17,0.0
S260275,2026,19,9.1,1,1,0,1,0,0,0,Health Science,female,12,7.0,0.67,0.5,1.0,66.67,0.0
S260276,2026,19,7.7,0,0,0,0,1,0,0,Health Science,female,38,23.0,2.67,1.0,0.0,67.33,0.0
S260277,2026,35,7.9,0,1,0,0,0,1,1,Business Administration,female,38,17.0,-1.33,1.0,0.0,69.5,0.0
S260278,2026,21,5.3,0,1,0,1,0,0,0,Software,male,21,10.0,-0.33,0.33,2.0,59.0,0.0
S260279,2026,19,7.1,0,1,0,0,1,0,0,Health Science,female,24,16.0,2.67,0.83,0.0,63.2,0.0
S260280,2026,34,3.7,1,0,0,0,0,0,0,Sustainable Biotechnology,male,13,4.0,-1.67,0.67,1.0,51.0,0.0
S260281,2026,38,4.3,0,1,0,0,1,1,1,Business Administration,female,21,8.0,-1.67,0.5,2.0,37.33,0.0
S260282,2026,18,6.2,0,1,0,0,1,0,0,Learning & Innovation,female,49,29.0,3.0,0.67,1.0,57.25,0.0
S260283,2026,18,12.0,1,0,0,0,0,0,0,Health Science,female,16,8.0,0.0,1.0,0.0,94.5,0.0
S260284,2026,20,4.5,0,1,0,0,0,0,0,Learning & Innovation,female,67,29.0,-3.0,1.0,0.0,68.0,0.0
S260285,2026,20,2.3,0,0,0,0,0,0,0,Communication & Digital Media,male,24,14.0,1.33,0.33,2.0,55.0,0.0
S260287,2026,18,5.8,0,1,1,0,1,0,0,Health Science,female,41,23.0,1.67,0.83,0.0,66.0,0.0
S260288,2026,21,5.5,0,0,0,0,1,0,0,Health Science,female,47,19.0,-3.0,1.0,0.0,61.0,0.0
S260289,2026,18,6.9,0,1,0,0,1,0,0,Health Science,female,41,18.0,-1.67,0.67,0.0,64.75,0.0
S260290,2026,18,8.4,0,1,1,0,0,0,0,Communication & Digital Media,male,30,15.0,0.0,0.83,0.0,70.2,0.0
S260291,2026,25,5.5,1,1,0,1,0,0,1,Social Work,female,25,14.0,1.0,0.5,2.0,55.33,0.0
S260292,2026,18,8.4,0,1,1,0,1,0,0,Communication & Digital Media,female,50,27.0,1.33,1.0,0.0,65.33,0.0
S260293,2026,19,10.6,0,1,1,0,0,0,0,Social Work,male,45,22.0,-0.33,0.83,0.0,82.6,0.0
S260294,2026,19,6.8,1,1,1,1,1,0,0,Social Work,female,36,19.0,0.67,0.83,1.0,72.2,0.0
S260295,2026,20,6.2,0,0,0,0,1,0,0,Health Science,female,31,14.0,-1.0,0.83,0.0,60.2,0.0
S260296,2026,18,9.0,0,1,0,0,1,0,0,Health Science,female,37,20.0,1.0,0.83,1.0,89.4,0.0
S260297,2026,19,7.6,0,1,0,0,1,0,0,Health Science,male,41,24.0,2.33,0.83,0.0,72.6,0.0
S260298,2026,18,6.7,0,0,0,0,1,0,0,Software,male,40,18.0,-1.33,0.83,1.0,61.6,0.0
S260300,2026,18,4.8,0,1,1,0,0,0,0,Health Science,male,42,23.0,1.33,0.83,0.0,57.6,0.0
S260301,2026,20,8.5,1,0,0,1,0,0,0,Communication & Digital Media,female,24,14.0,1.33,0.83,0.0,63.0,0.0
S260302,2026,19,2.0,1,0,0,0,0,0,0,Sustainable Biotechnology,female,30,9.0,-4.0,0.83,0.0,42.6,0.0
S260303,2026,18,4.4,0,1,1,0,1,0,0,Communication & Digital Media,female,46,27.0,2.67,1.0,0.0,58.33,0.0
S260304,2026,21,10.7,1,0,0,0,0,0,0,Health Science,female,21,10.0,-0.33,1.0,0.0,78.33,0.0
S260305,2026,26,2.3,0,1,0,0,0,0,1,Social Work,female,29,14.0,-0.33,0.83,0.0,47.8,0.0
S260306,2026,26,9.0,0,0,0,0,0,0,0,Health Science,male,18,5.0,-2.67,0.33,3.0,61.5,0.0
S260307,2026,19,4.2,0,1,1,0,0,0,0,Communication & Digital Media,male,28,12.0,-1.33,0.83,0.0,50.2,0.0
S260309,2026,18,7.8,0,1,1,0,1,0,0,Communication & Digital Media,female,29,13.0,-1.0,0.83,1.0,64.2,0.0
S260310,2026,19,4.2,0,1,1,0,0,0,0,Social Work,female,38,19.0,0.0,1.0,0.0,51.5,0.0
S260311,2026,19,7.6,0,1,1,0,1,0,0,Communication & Digital Media,female,22,12.0,0.67,0.83,1.0,71.0,0.0
S260313,2026,19,5.7,0,1,0,0,0,0,0,Health Science,female,13,6.0,-0.33,0.33,3.0,55.0,0.0
S260315,2026,19,6.0,0,0,0,0,0,0,0,Sustainable Biotechnology,male,23,10.0,-1.0,0.67,2.0,62.5,0.0
S260316,2026,20,6.5,0,1,0,0,1,0,0,Social Work,female,41,19.0,-1.0,0.67,2.0,63.25,0.0
S260317,2026,18,5.5,0,1,1,0,1,0,0,Business Administration,female,26,16.0,2.0,0.67,0.0,51.25,0.0
S260318,2026,18,5.7,0,1,0,0,0,0,0,Social Work,female,44,25.0,2.0,0.67,0.0,60.75,0.0
S260319,2026,18,9.2,0,1,1,0,0,0,0,Health Science,female,80,43.0,2.0,1.0,0.0,69.0,0.0
S260320,2026,19,8.3,0,1,1,0,1,0,0,Health Science,female,54,29.0,1.33,0.83,0.0,74.6,0.0
S260321,2026,24,10.6,0,0,0,0,1,0,0,Communication & Digital Media,female,24,13.0,0.67,1.0,0.0,75.83,0.0
S260323,2026,19,7.4,0,1,0,0,1,0,0,Learning & Innovation,female,65,33.0,0.33,0.67,0.0,74.75,0.0
S260324,2026,19,6.5,0,1,0,0,0,0,0,Business Administration,female,25,11.0,-1.0,0.67,1.0,61.25,0.0
S260325,2026,19,6.8,0,1,0,0,1,0,0,Health Science,female,43,20.0,-1.0,0.83,1.0,63.6,0.0
S260326,2026,19,5.8,0,1,0,0,1,0,0,Business Administration,male,49,23.0,-1.0,0.83,0.0,63.0,0.0
S260327,2026,20,10.9,0,0,0,0,1,0,0,Communication & Digital Media,female,23,17.0,3.67,0.83,1.0,75.4,0.0
S260328,2026,34,4.3,0,1,0,0,0,0,0,Software,male,30,10.0,-3.33,0.83,1.0,52.0,0.0
S260329,2026,19,9.7,0,0,0,0,1,0,0,Tourism,male,23,10.0,-1.0,0.67,2.0,77.5,0.0
S260330,2026,18,8.9,1,0,0,0,1,0,0,Software,male,41,20.0,-0.33,0.83,0.0,71.0,0.0
S260332,2026,18,3.9,0,1,1,0,0,0,0,Social Work,female,50,19.0,-4.0,1.0,0.0,53.67,0.0
S260333,2026,24,7.8,1,1,0,0,0,0,0,Sustainable Biotechnology,male,43,18.0,-2.33,1.0,0.0,66.83,0.0
S260334,2026,30,8.9,0,1,0,1,0,1,0,Learning & Innovation,female,31,11.0,-3.0,0.83,1.0,72.6,0.0
S260335,2026,32,10.2,0,0,0,0,0,1,0,Sustainable Biotechnology,male,43,16.0,-3.67,0.83,1.0,70.8,0.0
S260336,2026,18,6.9,0,1,0,0,1,0,0,Health Science,female,28,14.0,0.0,0.33,2.0,58.0,0.0
S260339,2026,18,8.2,0,0,0,0,1,0,0,Health Science,male,14,4.0,-2.0,0.5,1.0,58.0,1.0
S260340,2026,48,10.1,0,1,0,0,0,0,1,Business Administration,female,18,7.0,-1.33,0.33,2.0,61.0,0.0
S260341,2026,27,7.6,0,0,0,0,0,0,0,Health Science,female,27,14.0,0.33,0.67,1.0,49.5,0.0
S260342,2026,19,5.6,0,0,0,0,1,0,0,Business Administration,female,49,30.0,3.67,0.67,0.0,55.5,0.0
S260343,2026,18,9.5,0,1,1,0,0,0,0,Health Science,female,42,23.0,1.33,0.83,1.0,78.4,0.0
S260346,2026,20,8.9,0,1,0,0,1,0,0,Health Science,female,21,12.0,1.0,0.67,1.0,66.75,0.0
S260348,2026,27,10.6,0,1,0,0,0,0,1,Social Work,female,56,29.0,0.67,1.0,0.0,75.5,0.0
S260349,2026,19,7.4,1,1,1,0,1,0,0,Health Science,female,47,23.0,-0.33,1.0,0.0,68.67,0.0
S260350,2026,20,8.3,0,1,0,0,0,0,0,Learning & Innovation,female,43,18.0,-2.33,0.83,0.0,69.6,0.0
S260351,2026,32,9.5,0,1,0,0,1,0,0,Communication & Digital Media,female,14,6.0,-0.67,0.83,1.0,65.8,0.0
S260352,2026,20,4.0,0,1,1,0,1,0,0,Health Science,female,24,18.0,4.0,1.0,0.0,50.83,0.0
S260353,2026,24,3.6,0,1,1,0,0,0,0,Health Science,male,34,19.0,1.33,1.0,0.0,48.5,0.0
S260354,2026,20,9.8,0,1,1,0,1,0,0,Communication & Digital Media,female,41,23.0,1.67,1.0,0.0,82.0,0.0
S260355,2026,23,9.7,1,0,0,1,1,0,0,Health Science,female,48,25.0,0.67,1.0,0.0,80.5,0.0
S260357,2026,20,7.4,0,1,1,0,1,0,0,Social Work,female,31,14.0,-1.0,1.0,0.0,65.33,0.0
S260358,2026,21,10.0,0,1,0,0,1,0,0,Sustainable Biotechnology,male,58,29.0,0.0,1.0,0.0,83.5,0.0
S260359,2026,34,5.4,1,1,0,0,0,0,1,Business Administration,female,24,11.0,-0.67,1.0,0.0,62.0,0.0
S260360,2026,18,5.3,0,0,0,0,0,0,0,Health Science,female,27,12.0,-1.0,0.83,0.0,57.6,0.0
S260361,2026,33,2.3,0,1,0,0,0,1,1,Social Work,female,18,8.0,-0.67,0.5,1.0,45.33,0.0
S260363,2026,18,9.1,0,1,0,0,0,0,0,Health Science,female,30,17.0,1.33,1.0,0.0,64.33,0.0
S260364,2026,18,9.9,0,1,0,0,1,0,0,Communication & Digital Media,female,59,21.0,-5.67,0.83,0.0,73.6,0.0
S260365,2026,18,8.2,1,1,1,0,1,0,0,Communication & Digital Media,male,25,13.0,0.33,1.0,0.0,68.5,0.0
S260366,2026,19,8.2,0,0,0,0,1,0,0,Communication & Digital Media,female,10,5.0,0.0,0.33,2.0,67.0,0.0
S260367,2026,19,6.7,0,1,0,0,1,0,0,Communication & Digital Media,male,30,14.0,-0.67,0.83,0.0,55.0,0.0
S260368,2026,19,7.8,1,1,0,1,0,0,0,Communication & Digital Media,male,23,11.0,-0.33,0.83,0.0,60.4,0.0
S260369,2026,19,3.9,0,1,0,0,1,0,0,Tourism,female,31,17.0,1.0,0.67,2.0,44.5,0.0
S260370,2026,19,11.1,0,1,1,0,0,0,0,Sustainable Biotechnology,female,38,11.0,-5.33,1.0,0.0,80.5,0.0
S260371,2026,20,6.0,1,1,0,0,1,0,0,Software,male,32,17.0,0.67,1.0,0.0,59.0,0.0
S260372,2026,19,8.7,0,1,0,0,1,0,0,Business Administration,female,25,12.0,-0.33,1.0,0.0,62.5,0.0
S260373,2026,19,8.4,0,1,0,0,1,0,0,Learning & Innovation,female,45,21.0,-1.0,0.83,0.0,62.4,0.0
S260374,2026,22,6.9,1,0,0,0,0,0,0,Learning & Innovation,female,20,5.0,-3.33,1.0,0.0,61.67,0.0
S260375,2026,21,4.0,0,1,0,0,1,0,0,Communication & Digital Media,female,21,11.0,0.33,0.67,1.0,48.5,0.0
S260376,2026,18,5.5,0,1,1,0,1,0,0,Health Science,female,19,4.0,-3.67,0.83,1.0,62.8,0.0
S260377,2026,29,3.9,0,1,0,0,1,0,0,Communication & Digital Media,female,25,13.0,0.33,1.0,0.0,57.83,0.0
S260378,2026,19,7.1,0,1,0,0,1,0,0,Health Science,male,44,24.0,1.33,1.0,0.0,69.17,0.0
S260379,2026,18,6.5,0,0,0,0,1,0,0,Health Science,female,54,24.0,-2.0,0.83,0.0,63.2,0.0
S260380,2026,24,5.1,0,1,1,0,0,0,0,Tourism,female,49,24.0,-0.33,0.67,2.0,58.75,0.0
S260381,2026,18,9.5,1,0,1,0,1,0,0,Health Science,female,21,13.0,1.67,1.0,0.0,71.0,0.0
S260382,2026,20,7.3,0,1,0,0,0,0,0,Social Work,female,41,15.0,-3.67,0.5,2.0,71.0,0.0
S260383,2026,18,5.0,0,1,0,0,0,0,0,Social Work,male,40,24.0,2.67,0.83,0.0,58.6,0.0
S260384,2026,18,5.6,0,1,1,0,0,0,0,Communication & Digital Media,female,84,42.0,0.0,1.0,0.0,65.83,0.0
S260386,2026,22,4.5,0,1,1,0,1,0,0,Communication & Digital Media,male,33,18.0,1.0,0.83,1.0,61.6,0.0
S260387,2026,26,8.8,0,1,0,0,1,0,0,Health Science,female,15,4.0,-2.33,0.67,1.0,65.5,0.0
S260388,2026,18,6.0,0,1,0,0,1,0,0,Communication & Digital Media,female,56,29.0,0.67,1.0,0.0,70.5,0.0
S260391,2026,28,10.6,1,1,0,1,1,0,0,Communication & Digital Media,male,12,7.0,0.67,0.5,1.0,76.0,0.0
S260392,2026,19,8.3,0,1,1,0,1,0,0,Health Science,female,56,31.0,2.0,1.0,0.0,69.83,0.0
S260393,2026,31,5.7,0,1,0,0,1,1,1,Social Work,female,50,25.0,0.0,0.67,1.0,60.75,0.0
S260394,2026,19,6.0,1,1,1,1,1,0,0,Social Work,female,58,26.0,-2.0,1.0,0.0,69.0,0.0
S260395,2026,20,9.2,0,1,0,0,1,0,0,Business Administration,male,10,4.0,-0.67,0.67,1.0,62.0,1.0
S260397,2026,20,7.4,0,0,0,0,1,0,0,Communication & Digital Media,female,57,30.0,1.0,0.83,0.0,64.0,0.0
S260398,2026,18,6.6,0,1,0,0,0,0,0,Communication & Digital Media,female,62,32.0,0.67,0.83,0.0,64.8,0.0
S260399,2026,19,6.0,1,1,1,1,1,0,0,Social Work,female,25,10.0,-1.67,1.0,0.0,59.0,1.0
S260400,2026,19,4.5,0,1,0,0,1,0,0,Tourism,female,58,24.0,-3.33,0.83,1.0,57.2,0.0
S260401,2026,18,8.3,0,1,0,0,0,0,0,Business Administration,female,28,17.0,2.0,0.67,1.0,68.25,0.0
S260402,2026,19,6.6,0,1,1,0,1,0,0,Communication & Digital Media,female,34,10.0,-4.67,0.5,1.0,67.0,0.0
S260403,2026,19,7.0,0,1,1,0,0,0,0,Communication & Digital Media,female,38,21.0,1.33,0.83,1.0,60.8,0.0
S260404,2026,22,8.7,0,1,0,0,0,0,0,Social Work,female,43,20.0,-1.0,0.83,0.0,74.2,0.0
S260405,2026,19,7.8,0,1,0,0,1,0,0,Social Work,female,59,25.0,-3.0,1.0,0.0,63.17,0.0
S260407,2026,20,7.0,0,1,1,0,1,0,0,Health Science,female,40,22.0,1.33,1.0,0.0,63.17,0.0
S260408,2026,20,7.8,0,1,0,1,1,0,0,Sustainable Biotechnology,male,48,28.0,2.67,1.0,0.0,71.5,0.0
S260409,2026,21,9.2,0,1,0,1,0,0,0,Health Science,female,33,16.0,-0.33,1.0,0.0,71.33,0.0
S260411,2026,30,12.0,0,1,0,0,0,1,0,Sustainable Biotechnology,male,35,13.0,-3.0,0.5,2.0,76.0,0.0
S260412,2026,28,6.5,0,0,0,0,0,0,0,Communication & Digital Media,male,19,7.0,-1.67,0.67,1.0,52.75,0.0
S260413,2026,33,4.3,0,0,0,0,0,0,0,Sustainable Biotechnology,male,26,13.0,0.0,1.0,0.0,58.5,0.0
S260414,2026,26,4.1,1,1,1,0,0,0,0,Communication & Digital Media,male,7,1.0,-1.67,0.5,2.0,48.0,0.0
S260415,2026,20,7.8,0,1,1,0,1,0,0,Sustainable Biotechnology,female,19,9.0,-0.33,0.83,1.0,60.4,0.0
S260416,2026,18,5.5,0,1,0,0,1,0,0,Health Science,female,29,20.0,3.67,0.83,0.0,57.2,0.0
S260417,2026,33,9.5,0,1,0,0,1,1,1,Business Administration,male,9,7.0,1.67,0.5,2.0,61.33,0.0
S260418,2026,19,7.0,0,1,1,0,1,0,0,Health Science,female,45,18.0,-3.0,0.67,1.0,66.0,0.0
S260419,2026,18,8.4,1,1,0,0,1,0,0,Health Science,female,16,8.0,0.0,1.0,0.0,69.0,0.0
S260420,2026,20,6.1,1,0,0,1,0,0,0,Sustainable Biotechnology,female,17,10.0,1.0,0.83,1.0,46.8,0.0
S260421,2026,19,7.2,0,1,1,0,1,0,0,Health Science,female,37,19.0,0.33,1.0,0.0,63.17,0.0
S260422,2026,20,6.9,0,1,0,0,1,0,0,Learning & Innovation,female,26,11.0,-1.33,0.83,0.0,61.2,0.0
S260423,2026,19,5.9,0,1,1,0,1,0,0,Health Science,female,24,17.0,3.33,1.0,0.0,50.5,0.0
S260424,2026,18,7.2,0,1,0,0,1,0,0,Health Science,female,49,26.0,1.0,0.67,0.0,65.75,0.0
S260425,2026,19,7.2,0,1,1,0,1,0,0,Health Science,female,48,21.0,-2.0,1.0,0.0,64.5,0.0
S260426,2026,18,10.0,1,1,1,0,0,0,0,Communication & Digital Media,female,22,8.0,-2.0,1.0,0.0,76.67,0.0
S260427,2026,18,7.8,0,1,0,0,1,0,0,Health Science,female,18,9.0,0.0,0.83,1.0,68.4,0.0
S260428,2026,18,5.6,0,1,0,0,1,0,0,Learning & Innovation,female,32,22.0,4.0,0.5,1.0,46.0,0.0
S260429,2026,20,5.0,0,0,1,0,0,0,0,Tourism,male,52,27.0,0.67,0.83,0.0,57.8,0.0
S260430,2026,18,6.0,0,0,0,0,0,0,0,Social Work,female,15,4.0,-2.33,0.67,1.0,58.75,0.0
S260431,2026,19,8.9,0,1,1,0,0,0,0,Sustainable Biotechnology,male,17,9.0,0.33,0.67,1.0,68.75,0.0
S260432,2026,19,6.4,0,1,0,0,0,0,0,Communication & Digital Media,female,41,18.0,-1.67,1.0,0.0,58.67,0.0
S260433,2026,19,6.8,0,1,0,0,1,0,0,Learning & Innovation,female,23,10.0,-1.0,0.83,1.0,56.0,0.0
S260434,2026,32,6.5,0,1,0,0,0,1,0,Business Administration,female,27,14.0,0.33,0.67,1.0,62.75,0.0
S260436,2026,18,9.0,0,1,0,0,1,0,0,Social Work,male,45,19.0,-2.33,1.0,0.0,74.67,0.0
S260437,2026,18,9.7,0,1,1,0,0,0,0,Software,male,57,26.0,-1.67,1.0,0.0,79.67,0.0
S260438,2026,18,7.3,0,1,0,0,1,0,0,Health Science,female,45,19.0,-2.33,1.0,0.0,64.33,0.0
S260439,2026,19,8.2,0,1,1,0,1,0,0,Health Science,female,52,25.0,-0.67,1.0,0.0,71.83,0.0
S260440,2026,19,7.5,0,1,1,0,1,0,0,Health Science,female,25,10.0,-1.67,1.0,0.0,60.67,0.0
S260441,2026,18,11.1,1,1,0,0,1,0,0,Communication & Digital Media,female,18,6.0,-2.0,0.67,1.0,80.5,0.0
S260442,2026,38,8.3,0,1,1,0,0,1,1,Business Administration,female,37,17.0,-1.0,1.0,0.0,69.5,0.0
S260443,2026,47,5.5,0,1,0,0,0,1,0,Health Science,female,29,13.0,-1.0,0.5,2.0,56.33,0.0
S260444,2026,33,2.0,1,0,0,0,1,0,0,Health Science,female,17,9.0,0.33,0.5,1.0,52.33,0.0
S260445,2026,18,12.0,1,1,0,0,0,0,0,Health Science,female,42,23.0,1.33,1.0,0.0,92.0,0.0
S260446,2026,18,7.1,0,1,0,0,1,0,0,Health Science,female,37,16.0,-1.67,1.0,0.0,64.33,0.0
S260447,2026,26,12.0,0,1,0,0,0,0,0,Sustainable Biotechnology,male,26,15.0,1.33,0.67,1.0,83.5,0.0
S260448,2026,26,2.2,1,0,0,1,0,0,0,Business Administration,male,19,12.0,1.67,0.67,0.0,55.0,0.0
S260449,2026,25,3.6,0,1,0,0,0,0,0,Health Science,male,14,10.0,2.0,0.0,3.0,,0.0
S260450,2026,19,6.5,0,1,0,0,0,0,0,Social Work,female,38,22.0,2.0,0.67,2.0,61.5,0.0
S260451,2026,18,8.7,0,1,0,0,1,0,0,Health Science,female,63,32.0,0.33,1.0,0.0,75.33,0.0
S260452,2026,20,7.0,1,1,0,0,1,0,0,Sustainable Biotechnology,female,22,11.0,0.0,1.0,0.0,72.83,0.0
S260453,2026,18,7.0,0,1,0,0,1,0,0,Communication & Digital Media,female,29,15.0,0.33,0.67,1.0,65.0,0.0
S260454,2026,32,5.5,0,1,1,0,0,1,1,Business Administration,female,23,9.0,-1.67,0.83,1.0,54.6,0.0
S260455,2026,20,7.2,0,1,0,0,1,0,0,Health Science,female,89,38.0,-4.33,1.0,0.0,70.67,0.0
S260457,2026,18,4.5,0,1,1,0,0,0,0,Health Science,male,54,30.0,2.0,0.67,1.0,51.75,0.0
S260458,2026,20,5.6,0,1,0,1,1,0,0,Communication & Digital Media,male,8,0.0,-2.67,0.5,1.0,53.67,3.0
S260459,2026,18,7.5,0,1,1,0,0,0,0,Software,male,43,21.0,-0.33,0.83,0.0,71.8,0.0
S260460,2026,18,6.1,0,0,0,0,0,0,0,Software,male,39,17.0,-1.67,0.83,1.0,58.6,0.0
S260461,2026,24,5.5,0,1,0,0,1,0,0,Health Science,female,38,20.0,0.67,0.83,0.0,61.4,0.0
S260462,2026,19,8.9,0,1,0,0,1,0,0,Communication & Digital Media,female,42,22.0,0.67,1.0,0.0,76.33,0.0
S260463,2026,18,5.8,0,1,0,0,0,0,0,Health Science,female,20,9.0,-0.67,0.67,1.0,51.0,0.0
S260464,2026,18,7.4,0,1,1,0,1,0,0,Health Science,female,62,26.0,-3.33,1.0,0.0,70.0,0.0
S260465,2026,21,9.1,0,0,0,0,0,0,0,Sustainable Biotechnology,male,44,26.0,2.67,1.0,0.0,82.5,0.0
S260466,2026,20,6.1,0,1,0,0,0,0,0,Business Administration,male,54,29.0,1.33,1.0,0.0,58.33,0.0
S260467,2026,24,8.4,1,0,0,1,0,0,0,Business Administration,male,7,1.0,-1.67,0.67,1.0,57.75,2.0
S260468,2026,41,4.0,0,1,0,0,0,1,1,Social Work,male,50,22.0,-2.0,1.0,0.0,63.33,0.0
S260469,2026,20,8.2,1,1,1,0,1,0,0,Health Science,female,35,20.0,1.67,0.83,1.0,71.8,0.0
S260470,2026,20,5.4,0,1,0,0,0,0,0,Health Science,male,38,20.0,0.67,1.0,0.0,49.17,0.0
S260471,2026,19,7.9,0,1,0,0,0,1,0,Health Science,female,44,19.0,-2.0,0.83,0.0,61.4,0.0
S260472,2026,18,2.3,1,0,0,0,0,0,0,Sustainable Biotechnology,female,30,18.0,2.0,1.0,0.0,47.17,0.0
S260474,2026,19,4.9,0,1,1,0,1,0,0,Business Administration,male,22,12.0,0.67,0.67,2.0,56.75,0.0
S260476,2026,19,7.6,0,1,0,0,1,0,0,Health Science,female,58,27.0,-1.33,0.83,1.0,70.6,0.0
S260477,2026,18,6.5,0,1,0,0,1,0,0,Communication & Digital Media,female,35,18.0,0.33,0.5,1.0,58.33,0.0
S260478,2026,18,7.4,0,1,1,0,1,0,0,Sustainable Biotechnology,female,28,18.0,2.67,0.67,2.0,55.0,0.0
S260479,2026,19,3.9,0,1,0,0,0,0,0,Business Administration,female,25,13.0,0.33,1.0,0.0,46.33,0.0
S260480,2026,19,5.3,0,1,1,0,1,0,0,Health Science,female,36,16.0,-1.33,0.83,1.0,62.4,0.0
S260481,2026,18,7.6,0,1,1,0,1,0,0,Health Science,female,53,25.0,-1.0,1.0,0.0,70.83,0.0
S260482,2026,20,6.7,0,1,1,0,0,0,0,Social Work,female,34,20.0,2.0,1.0,0.0,62.83,0.0
S260483,2026,18,7.3,0,1,0,0,0,0,0,Business Administration,male,17,9.0,0.33,0.67,2.0,67.0,0.0
S260484,2026,18,7.2,0,1,0,0,1,0,0,Social Work,female,31,15.0,-0.33,0.83,0.0,68.8,0.0
S260485,2026,18,7.1,0,0,0,0,0,0,0,Business Administration,male,37,14.0,-3.0,1.0,0.0,57.17,0.0
S260486,2026,21,6.9,1,0,0,1,0,0,0,Sustainable Biotechnology,female,22,13.0,1.33,0.67,1.0,59.0,0.0
S260488,2026,23,7.5,0,1,0,0,1,0,0,Health Science,female,29,18.0,2.33,0.67,1.0,61.25,0.0
S260489,2026,36,2.1,1,1,0,0,0,1,1,Business Administration,female,17,9.0,0.33,0.33,1.0,53.0,0.0
S260490,2026,24,9.7,0,1,0,1,1,0,0,Sustainable Biotechnology,female,47,24.0,0.33,1.0,0.0,72.67,0.0
S260491,2026,26,2.5,1,1,0,0,0,0,0,Sustainable Biotechnology,female,21,9.0,-1.0,0.67,1.0,51.75,0.0
S260493,2026,33,10.7,0,1,0,0,0,1,1,Social Work,female,48,27.0,2.0,0.83,1.0,78.4,0.0
S260494,2026,18,6.9,0,1,1,0,1,0,0,Communication & Digital Media,female,59,28.0,-1.0,0.67,0.0,69.25,0.0
S260495,2026,18,7.8,0,0,0,0,1,0,0,Health Science,female,28,11.0,-2.0,0.83,0.0,68.0,0.0
S260496,2026,18,6.2,0,1,0,0,0,0,0,Social Work,female,19,7.0,-1.67,0.67,1.0,63.75,0.0
S260498,2026,18,8.5,0,1,0,0,0,0,0,Health Science,female,36,15.0,-2.0,0.83,1.0,68.8,0.0
S260499,2026,25,10.1,0,1,0,0,0,0,0,Software,male,41,17.0,-2.33,0.67,0.0,84.0,0.0
S260500,2026,18,4.8,0,1,0,0,1,0,0,Health Science,male,40,24.0,2.67,0.67,1.0,59.25,0.0
S260501,2026,38,8.1,0,1,0,0,0,0,0,Social Work,male,42,24.0,2.0,1.0,0.0,73.67,0.0
S260503,2026,24,8.6,1,1,0,0,0,0,0,Business Administration,female,16,9.0,0.67,0.5,2.0,60.67,0.0
S260504,2026,20,9.7,1,1,0,0,1,0,0,Tourism,female,24,10.0,-1.33,0.67,1.0,69.25,0.0
S260505,2026,38,7.1,0,1,0,0,0,1,1,Business Administration,male,54,26.0,-0.67,1.0,0.0,68.0,0.0
S260506,2026,20,3.8,0,1,0,0,0,0,0,Social Work,female,27,13.0,-0.33,0.83,0.0,43.0,0.0
S260507,2026,20,9.5,0,0,0,0,0,0,0,Business Administration,male,26,14.0,0.67,0.67,1.0,74.75,0.0
S260508,2026,18,9.7,0,0,0,0,1,0,0,Communication & Digital Media,female,51,26.0,0.33,1.0,0.0,79.83,0.0
S260509,2026,19,7.8,0,1,0,0,1,0,0,Health Science,female,42,15.0,-4.0,1.0,0.0,72.0,0.0
S260510,2026,25,4.7,0,1,0,0,0,0,0,Software,male,30,9.0,-4.0,0.5,1.0,51.33,0.0
S260511,2026,18,9.7,0,1,1,0,0,0,0,Communication & Digital Media,female,27,11.0,-1.67,0.67,1.0,63.0,0.0
S260512,2026,23,7.4,0,1,0,0,0,0,0,Communication & Digital Media,male,28,13.0,-0.67,1.0,0.0,69.33,0.0
S260513,2026,24,5.6,0,1,0,0,0,0,0,Sustainable Biotechnology,female,25,13.0,0.33,1.0,0.0,51.5,0.0
S260514,2026,25,7.4,0,1,0,0,0,1,0,Health Science,female,21,8.0,-1.67,0.5,1.0,49.67,0.0
S260516,2026,35,7.3,0,0,1,0,0,0,0,Tourism,female,28,13.0,-0.67,0.83,1.0,67.6,0.0
S260517,2026,23,7.5,1,1,0,1,0,0,0,Communication & Digital Media,female,11,3.0,-1.67,1.0,0.0,61.0,0.0
S260519,2026,24,8.1,1,1,0,0,0,0,0,Sustainable Biotechnology,male,33,10.0,-4.33,1.0,0.0,68.5,0.0
S260520,2026,38,6.6,0,1,0,0,0,0,1,Business Administration,male,29,12.0,-1.67,0.67,1.0,65.75,0.0
S260521,2026,18,10.6,0,1,1,0,0,0,0,Business Administration,male,88,43.0,-0.67,1.0,0.0,90.83,0.0
S260522,2026,19,11.3,1,0,1,0,1,0,0,Communication & Digital Media,female,7,4.0,0.33,0.83,1.0,77.2,0.0
S260523,2026,20,10.0,0,1,0,0,1,0,0,Health Science,female,28,19.0,3.33,1.0,0.0,67.0,0.0
S260524,2026,18,8.1,0,0,0,0,0,0,0,Health Science,female,41,16.0,-3.0,0.83,0.0,65.8,0.0
S260525,2026,41,9.1,0,1,0,0,0,0,1,Business Administration,male,11,7.0,1.0,0.33,3.0,56.0,0.0
S260526,2026,18,7.2,0,1,0,0,1,0,0,Communication & Digital Media,male,62,32.0,0.67,0.83,0.0,66.8,0.0
S260527,2026,18,8.3,1,1,1,0,1,0,0,Health Science,female,21,13.0,1.67,1.0,0.0,68.5,0.0
S260528,2026,20,6.7,1,1,0,0,1,0,0,Health Science,female,22,9.0,-1.33,0.83,1.0,75.8,0.0
S260529,2026,23,10.1,0,1,0,0,0,0,1,Business Administration,male,13,6.0,-0.33,0.5,2.0,57.33,0.0
S260530,2026,18,7.9,0,1,0,0,0,0,0,Communication & Digital Media,male,27,12.0,-1.0,0.67,1.0,63.0,0.0
S260531,2026,19,5.4,0,1,0,0,1,0,0,Health Science,female,35,16.0,-1.0,1.0,0.0,52.83,0.0
S260532,2026,19,5.2,0,1,0,0,1,0,0,Learning & Innovation,female,30,15.0,0.0,0.83,1.0,50.6,0.0
S260533,2026,18,7.2,0,1,0,0,1,0,0,Health Science,female,61,25.0,-3.67,0.83,0.0,61.8,0.0
S260534,2026,18,8.6,0,1,0,0,1,0,0,Sustainable Biotechnology,male,38,18.0,-0.67,1.0,0.0,68.83,0.0
S260535,2026,23,6.1,1,0,0,0,1,0,0,Business Administration,male,10,2.0,-2.0,0.5,3.0,54.67,1.0
S260536,2026,19,8.6,1,1,0,0,1,0,0,Communication & Digital Media,male,21,8.0,-1.67,1.0,0.0,61.5,0.0
S260537,2026,18,8.8,0,0,0,0,1,0,0,Sustainable Biotechnology,female,46,25.0,1.33,0.83,0.0,75.8,0.0
S260538,2026,19,6.5,0,1,1,0,1,0,0,Social Work,female,46,15.0,-5.33,1.0,0.0,62.33,0.0
S260539,2026,20,6.9,0,0,0,0,0,0,0,Communication & Digital Media,female,27,13.0,-0.33,0.83,0.0,53.0,0.0
S260540,2026,18,10.7,0,0,0,0,1,0,0,Health Science,female,67,34.0,0.33,0.83,1.0,90.2,0.0
S260541,2026,25,9.1,0,1,0,0,0,0,0,Communication & Digital Media,male,48,21.0,-2.0,1.0,0.0,63.0,0.0
S260542,2026,18,9.8,1,1,1,0,0,0,0,Communication & Digital Media,female,45,22.0,-0.33,1.0,0.0,77.0,0.0
S260543,2026,19,5.5,0,1,1,0,0,0,0,Communication & Digital Media,female,38,17.0,-1.33,0.5,1.0,62.0,0.0
S260544,2026,32,5.7,0,1,0,1,0,0,0,Software,male,25,11.0,-1.0,1.0,0.0,64.83,0.0
S260545,2026,18,7.7,0,1,0,0,1,0,0,Health Science,female,26,11.0,-1.33,0.67,1.0,57.5,0.0
S260546,2026,19,10.0,0,1,0,0,0,0,0,Tourism,male,41,17.0,-2.33,0.83,1.0,83.0,0.0
S260547,2026,20,6.1,1,0,0,1,0,0,0,Sustainable Biotechnology,female,28,12.0,-1.33,0.67,1.0,57.0,0.0
S260548,2026,30,8.4,0,1,1,0,0,0,0,Sustainable Biotechnology,male,15,8.0,0.33,0.17,3.0,50.0,0.0
S260549,2026,19,6.5,0,0,0,0,1,0,0,Software,male,30,9.0,-4.0,0.5,1.0,60.33,0.0
S260550,2026,18,5.2,1,1,0,0,0,0,0,Health Science,female,17,7.0,-1.0,1.0,0.0,53.83,0.0
S260551,2026,20,8.7,0,1,0,0,1,0,0,Health Science,female,32,19.0,2.0,1.0,0.0,67.0,0.0
S260552,2026,22,10.7,0,0,0,0,1,0,0,Health Science,female,67,31.0,-1.67,0.83,1.0,78.4,0.0
S260553,2026,19,5.7,0,1,0,0,1,0,0,Communication & Digital Media,male,54,24.0,-2.0,0.83,0.0,57.2,0.0
S260554,2026,19,9.6,0,1,1,0,1,0,0,Health Science,female,35,20.0,1.67,1.0,0.0,70.17,0.0
S260555,2026,30,11.2,0,0,0,0,0,1,1,Business Administration,female,41,25.0,3.0,1.0,0.0,78.33,0.0
S260557,2026,33,5.5,0,1,0,0,0,1,0,Business Administration,female,22,11.0,0.0,0.67,1.0,57.25,0.0
S260558,2026,21,7.5,0,1,1,0,0,0,0,Communication & Digital Media,female,44,28.0,4.0,1.0,0.0,68.33,0.0
S260559,2026,18,7.0,0,1,0,0,1,0,0,Communication & Digital Media,female,28,13.0,-0.67,0.67,2.0,54.25,1.0
S260560,2026,46,5.2,0,1,0,0,0,1,0,Business Administration,female,21,10.0,-0.33,0.83,0.0,55.0,0.0
S260561,2026,19,5.3,1,0,0,0,0,0,0,Health Science,female,10,7.0,1.33,0.5,0.0,49.67,0.0
S260562,2026,30,5.3,0,1,0,0,0,0,1,Business Administration,male,31,13.0,-1.67,1.0,0.0,59.67,0.0
S260565,2026,35,9.1,0,1,0,0,0,1,1,Social Work,male,36,15.0,-2.0,1.0,0.0,67.83,0.0
S260566,2026,20,8.8,1,1,1,0,1,0,0,Tourism,female,19,10.0,0.33,1.0,0.0,68.17,0.0
S260568,2026,32,6.8,0,1,0,0,1,0,0,Business Administration,female,61,32.0,1.0,1.0,0.0,62.5,0.0
S260569,2026,24,6.8,0,1,1,0,1,0,0,Learning & Innovation,female,49,27.0,1.67,1.0,0.0,65.83,0.0
S260570,2026,22,7.6,0,1,0,0,0,0,0,Sustainable Biotechnology,male,28,11.0,-2.0,0.67,0.0,52.0,0.0
S260572,2026,24,8.9,1,1,0,0,0,0,0,Business Administration,female,12,6.0,0.0,1.0,0.0,64.33,0.0
S260573,2026,19,10.2,1,1,0,0,1,0,0,Communication & Digital Media,female,9,7.0,1.67,0.33,3.0,78.0,0.0
S260574,2026,21,5.8,0,1,1,0,1,0,0,Learning & Innovation,female,27,13.0,-0.33,0.67,2.0,65.0,0.0
S260576,2026,20,4.5,0,1,1,0,0,0,0,Business Administration,male,30,14.0,-0.67,1.0,0.0,57.17,0.0
S260578,2026,20,4.4,0,1,0,0,1,0,0,Business Administration,female,20,6.0,-2.67,0.67,1.0,47.5,1.0
S260579,2026,19,9.5,0,1,1,0,0,0,0,Tourism,female,61,27.0,-2.33,1.0,0.0,76.33,0.0
S260580,2026,31,8.2,1,1,0,0,0,1,0,Health Science,female,42,20.0,-0.67,0.5,2.0,54.67,0.0
S260581,2026,23,7.5,1,1,0,0,1,0,0,Communication & Digital Media,male,20,8.0,-1.33,0.67,1.0,63.0,0.0
S260583,2026,20,3.9,0,1,1,0,0,0,0,Social Work,female,26,17.0,2.67,0.83,0.0,47.2,0.0
S260584,2026,20,9.1,0,1,0,0,1,0,0,Business Administration,male,19,10.0,0.33,0.5,2.0,74.0,0.0
S260585,2026,25,4.8,0,1,1,0,0,0,0,Health Science,female,43,21.0,-0.33,0.67,1.0,65.25,0.0
S260586,2026,22,5.9,1,1,0,1,1,0,0,Social Work,female,20,12.0,1.33,0.67,1.0,44.25,0.0
S260587,2026,22,7.3,1,1,0,0,1,0,0,Tourism,female,53,27.0,0.33,1.0,0.0,71.5,0.0
S260588,2026,21,4.5,0,1,0,0,1,0,0,Tourism,male,32,19.0,2.0,0.83,1.0,54.8,0.0
S260589,2026,18,7.0,0,1,0,0,1,0,0,Health Science,female,34,10.0,-4.67,0.67,1.0,68.5,0.0
S260590,2026,22,5.5,1,0,0,0,1,0,0,Business Administration,female,14,7.0,0.0,1.0,0.0,55.5,0.0
S260592,2026,22,5.8,1,0,0,0,1,0,0,Business Administration,female,14,7.0,0.0,0.83,0.0,51.4,0.0
S260593,2026,19,6.9,0,1,0,0,1,0,0,Health Science,male,31,14.0,-1.0,0.67,2.0,68.25,0.0
S260594,2026,21,8.8,0,0,0,0,1,0,0,Health Science,female,74,36.0,-0.67,0.83,0.0,66.0,0.0
S260595,2026,24,6.2,0,1,0,0,1,0,0,Social Work,female,38,21.0,1.33,1.0,0.0,66.5,0.0
S260596,2026,19,7.0,0,1,1,0,0,0,0,Social Work,female,31,8.0,-5.0,0.83,0.0,63.8,0.0
S260597,2026,18,8.3,0,0,0,0,1,0,0,Health Science,female,32,16.0,0.0,0.83,0.0,72.6,0.0
S260598,2026,23,6.9,0,0,0,0,0,0,0,Health Science,male,59,28.0,-1.0,1.0,0.0,62.67,0.0
S260599,2026,45,4.2,0,1,0,0,1,1,0,Business Administration,female,31,16.0,0.33,0.5,0.0,58.0,0.0
S260600,2026,46,4.8,0,1,0,0,0,1,1,Social Work,female,32,21.0,3.33,0.67,1.0,51.0,0.0
S260601,2026,24,7.7,0,1,0,0,0,0,0,Health Science,male,18,4.0,-3.33,0.83,0.0,53.2,0.0
S260602,2026,31,5.1,0,1,0,0,1,0,0,Sustainable Biotechnology,male,18,8.0,-0.67,0.67,1.0,53.5,0.0
S260603,2026,19,7.2,0,0,0,0,1,0,0,Health Science,female,36,16.0,-1.33,0.5,1.0,72.33,0.0
S260604,2026,20,5.2,1,0,0,1,0,0,0,Sustainable Biotechnology,female,32,17.0,0.67,1.0,0.0,59.33,0.0
S260605,2026,31,5.5,0,1,0,0,0,0,0,Business Administration,male,21,11.0,0.33,0.5,2.0,55.33,0.0
S260606,2026,39,6.7,0,1,0,0,0,0,1,Business Administration,male,16,4.0,-2.67,0.5,3.0,53.33,1.0
S260607,2026,18,6.4,0,1,1,0,1,0,0,Business Administration,female,45,24.0,1.0,0.83,0.0,58.0,0.0
S260608,2026,39,2.5,1,1,0,0,0,0,0,Sustainable Biotechnology,female,10,2.0,-2.0,0.5,1.0,55.33,0.0
S260609,2026,19,6.1,0,1,0,0,1,0,0,Business Administration,female,48,22.0,-1.33,1.0,0.0,64.5,0.0
S260610,2026,25,7.4,1,0,0,1,0,0,0,Business Administration,male,12,7.0,0.67,0.17,2.0,67.0,0.0
S260611,2026,32,6.2,0,1,1,0,0,1,0,Health Science,female,23,17.0,3.67,0.5,3.0,63.0,0.0
S260612,2026,18,5.5,0,1,0,0,0,0,0,Health Science,female,40,16.0,-2.67,1.0,0.0,57.83,0.0
S260613,2026,44,4.5,0,1,0,0,1,1,0,Business Administration,female,51,24.0,-1.0,1.0,0.0,59.67,0.0
S260614,2026,34,8.4,0,1,0,0,0,0,1,Social Work,female,53,23.0,-2.33,1.0,0.0,71.67,0.0
S260615,2026,18,7.5,0,0,0,0,1,0,0,Health Science,male,26,8.0,-3.33,1.0,0.0,66.17,0.0
S260616,2026,19,6.7,0,1,0,0,0,0,0,Health Science,female,51,30.0,3.0,0.83,0.0,66.4,0.0
S260618,2026,18,7.4,0,1,0,0,1,0,0,Health Science,female,47,26.0,1.67,0.67,1.0,68.5,0.0
S260619,2026,19,5.9,0,1,0,0,1,0,0,Health Science,female,17,4.0,-3.0,0.33,3.0,55.0,0.0
S260620,2026,21,6.9,0,1,0,0,1,0,0,Business Administration,male,26,16.0,2.0,0.33,2.0,60.0,0.0
S260622,2026,18,8.7,0,1,1,0,1,0,0,Health Science,female,42,22.0,0.67,1.0,0.0,71.83,0.0
S260624,2026,31,7.8,1,1,0,0,0,1,0,Health Science,female,48,28.0,2.67,1.0,0.0,63.83,0.0
S260625,2026,31,2.5,1,1,0,0,0,1,0,Learning & Innovation,female,32,17.0,0.67,0.83,1.0,57.2,0.0
S260626,2026,24,8.3,1,0,0,1,0,0,0,Business Administration,male,7,3.0,-0.33,0.5,2.0,54.33,0.0
S260627,2026,22,8.2,0,1,1,0,0,0,0,Health Science,female,46,24.0,0.67,0.83,1.0,74.2,0.0
S260628,2026,18,6.5,0,0,0,0,1,0,0,Software,male,66,29.0,-2.67,1.0,0.0,62.33,0.0
S260629,2026,18,6.8,0,1,0,0,1,0,0,Health Science,female,18,4.0,-3.33,0.33,2.0,56.5,0.0
S260630,2026,19,5.9,0,1,1,0,1,0,0,Communication & Digital Media,female,39,15.0,-3.0,0.83,0.0,57.2,0.0
S260631,2026,32,2.1,1,1,0,0,0,1,0,Learning & Innovation,female,38,21.0,1.33,0.67,1.0,63.25,0.0
S260632,2026,23,5.9,0,1,1,1,0,0,0,Business Administration,male,64,28.0,-2.67,1.0,0.0,72.5,0.0
S260633,2026,20,7.4,0,1,1,1,1,0,0,Health Science,female,45,20.0,-1.67,1.0,0.0,68.5,0.0
S260634,2026,20,10.6,0,1,1,0,1,0,0,Health Science,female,35,16.0,-1.0,0.5,1.0,75.67,0.0
S260635,2026,18,6.9,0,1,1,0,1,0,0,Health Science,female,49,24.0,-0.33,0.83,1.0,72.8,0.0
S260636,2026,20,8.5,0,1,0,0,1,0,0,Social Work,female,48,21.0,-2.0,1.0,0.0,72.0,0.0
S260637,2026,19,6.5,0,1,1,0,1,0,0,Software,male,34,18.0,0.67,1.0,0.0,62.83,0.0
S260638,2026,23,6.0,0,1,0,0,0,0,0,Health Science,male,47,24.0,0.33,1.0,0.0,63.83,0.0
S260639,2026,37,2.0,1,1,0,0,0,0,0,Sustainable Biotechnology,female,19,7.0,-1.67,0.83,1.0,49.4,0.0
S260640,2026,20,9.5,0,1,1,0,0,0,0,Social Work,female,45,25.0,1.67,1.0,0.0,79.83,0.0
S260642,2026,19,7.9,0,1,0,1,0,0,0,Communication & Digital Media,female,28,11.0,-2.0,1.0,0.0,61.5,0.0
S260643,2026,28,6.6,0,1,0,0,0,0,0,Communication & Digital Media,male,27,9.0,-3.0,0.83,1.0,69.0,0.0
S260645,2026,26,2.3,0,1,0,0,1,0,1,Social Work,female,33,16.0,-0.33,0.5,1.0,49.33,0.0
S260646,2026,20,10.9,0,1,1,0,0,0,0,Communication & Digital Media,female,31,12.0,-2.33,0.83,1.0,75.8,0.0
S260647,2026,25,10.0,0,0,0,0,1,0,0,Health Science,female,36,20.0,1.33,0.67,1.0,65.75,0.0
S260648,2026,24,4.0,0,1,0,1,0,0,0,Tourism,male,11,3.0,-1.67,0.17,3.0,36.0,0.0
S260650,2026,30,7.7,1,1,0,0,0,1,0,Communication & Digital Media,female,14,8.0,0.67,0.67,2.0,68.75,0.0
S260651,2026,18,11.0,0,1,0,0,1,0,0,Communication & Digital Media,female,47,19.0,-3.0,1.0,0.0,87.0,0.0
S260652,2026,37,3.8,1,1,0,0,0,0,0,Sustainable Biotechnology,female,13,7.0,0.33,0.5,2.0,46.67,0.0
S260653,2026,26,6.1,1,1,0,1,0,0,1,Social Work,female,19,8.0,-1.0,0.83,1.0,61.2,0.0
S260654,2026,23,6.7,0,1,0,0,1,0,0,Communication & Digital Media,female,46,22.0,-0.67,1.0,0.0,64.0,0.0
S260655,2026,20,5.5,0,1,0,0,0,0,0,Tourism,male,45,23.0,0.33,0.83,1.0,63.0,0.0
S260656,2026,21,9.5,0,1,0,0,1,0,0,Communication & Digital Media,female,23,15.0,2.33,1.0,0.0,67.17,0.0
S260657,2026,19,9.1,1,0,1,0,1,0,0,Health Science,female,42,15.0,-4.0,0.67,1.0,79.25,0.0
S260658,2026,21,8.8,1,0,0,0,1,0,0,Social Work,female,19,9.0,-0.33,0.67,2.0,73.5,0.0
S260660,2026,18,7.3,1,1,0,0,1,0,0,Communication & Digital Media,female,43,21.0,-0.33,1.0,0.0,72.67,0.0
S260661,2026,37,7.6,1,1,0,0,0,0,0,Health Science,female,10,3.0,-1.33,0.83,1.0,54.8,2.0
S260663,2026,18,7.3,0,1,0,0,1,0,0,Health Science,female,57,28.0,-0.33,1.0,0.0,70.17,0.0
S260664,2026,20,7.9,0,1,0,1,0,0,0,Sustainable Biotechnology,male,41,19.0,-1.0,0.83,1.0,70.6,0.0
S260665,2026,20,4.0,0,1,1,0,1,0,0,Tourism,female,44,20.0,-1.33,0.5,2.0,53.67,0.0
S260666,2026,29,9.8,0,1,1,0,0,1,1,Business Administration,female,33,20.0,2.33,0.83,1.0,67.6,0.0
S260667,2026,18,10.1,0,1,1,0,1,0,0,Communication & Digital Media,female,35,17.0,-0.33,1.0,0.0,80.83,0.0
S260668,2026,34,6.7,0,1,1,0,0,1,0,Health Science,female,61,31.0,0.33,0.83,0.0,71.6,0.0
S260669,2026,38,8.5,0,1,1,0,0,1,1,Business Administration,female,52,33.0,4.67,0.83,0.0,67.2,0.0
S260670,2026,18,3.7,1,0,0,0,0,0,0,Health Science,female,12,4.0,-1.33,0.83,0.0,55.8,0.0
S260671,2026,22,6.9,0,1,0,0,1,0,0,Communication & Digital Media,male,30,15.0,0.0,0.67,2.0,63.25,0.0
S260672,2026,30,5.0,0,1,0,0,0,0,1,Social Work,female,32,20.0,2.67,1.0,0.0,62.33,0.0
S260673,2026,50,4.9,0,1,1,0,0,1,1,Social Work,female,42,18.0,-2.0,0.83,1.0,55.0,0.0
S260674,2026,18,7.7,0,1,1,0,1,0,0,Communication & Digital Media,male,15,8.0,0.33,0.33,2.0,65.0,0.0
S260675,2026,18,7.0,0,1,0,1,1,0,0,Communication & Digital Media,female,39,20.0,0.33,1.0,0.0,60.5,0.0
S260676,2026,21,8.6,0,1,1,0,0,0,0,Communication & Digital Media,female,26,14.0,0.67,0.33,3.0,60.5,0.0
S260677,2026,20,6.0,0,1,1,0,1,0,0,Communication & Digital Media,female,36,12.0,-4.0,0.83,1.0,56.4,0.0
S260678,2026,25,5.5,0,0,0,0,0,0,0,Communication & Digital Media,male,30,10.0,-3.33,0.67,1.0,54.75,1.0
S260679,2026,18,8.8,0,0,0,0,1,0,0,Health Science,female,38,18.0,-0.67,1.0,0.0,64.67,0.0
S260680,2026,18,12.0,1,0,0,0,0,0,0,Health Science,female,21,10.0,-0.33,1.0,0.0,98.83,0.0
S260682,2026,20,9.1,0,1,0,0,1,0,0,Business Administration,male,38,24.0,3.33,1.0,0.0,71.67,0.0
S260683,2026,18,7.9,1,1,0,0,1,0,0,Health Science,female,21,11.0,0.33,1.0,0.0,78.33,0.0
S260684,2026,26,10.8,0,1,0,0,0,1,1,Business Administration,female,35,13.0,-3.0,1.0,0.0,73.67,0.0
S260685,2026,18,11.8,0,1,1,1,0,0,0,Communication & Digital Media,female,33,12.0,-3.0,1.0,0.0,86.67,0.0
S260686,2026,22,5.6,1,0,0,1,0,0,0,Sustainable Biotechnology,female,23,11.0,-0.33,0.83,0.0,61.6,0.0
S260687,2026,34,7.7,0,1,0,0,0,1,1,Business Administration,female,23,12.0,0.33,0.67,2.0,52.5,0.0
S260688,2026,20,2.1,0,1,1,0,1,0,0,Business Administration,female,46,23.0,0.0,0.5,1.0,48.0,0.0
S260689,2026,28,10.1,0,0,0,0,0,0,0,Sustainable Biotechnology,male,35,19.0,1.0,0.83,1.0,76.0,0.0
S260690,2026,31,5.6,0,0,0,0,1,0,0,Sustainable Biotechnology,female,50,28.0,2.0,1.0,0.0,60.33,0.0
S260691,2026,21,10.6,1,0,0,0,0,0,0,Health Science,female,24,17.0,3.33,0.67,1.0,72.25,0.0
S260692,2026,26,9.6,0,1,0,0,0,0,0,Sustainable Biotechnology,female,17,8.0,-0.33,0.83,1.0,67.4,0.0
S260693,2026,18,6.7,0,1,0,0,1,0,0,Health Science,female,31,20.0,3.0,0.67,1.0,57.0,0.0
S260694,2026,20,5.1,0,1,0,0,1,0,0,Health Science,female,34,15.0,-1.33,1.0,0.0,66.67,0.0
S260695,2026,21,5.2,1,1,0,0,1,0,0,Health Science,female,23,9.0,-1.67,0.67,0.0,55.75,0.0
S260696,2026,31,4.3,0,1,0,0,0,0,0,Sustainable Biotechnology,male,13,6.0,-0.33,0.33,3.0,59.0,0.0
S260697,2026,29,5.8,0,0,0,0,0,0,0,Communication & Digital Media,female,50,27.0,1.33,0.83,0.0,62.4,0.0
S260698,2026,25,11.1,0,1,0,1,0,0,0,Sustainable Biotechnology,male,42,21.0,0.0,1.0,0.0,84.83,0.0
S260699,2026,28,2.4,0,0,0,0,1,0,0,Communication & Digital Media,male,16,8.0,0.0,0.33,1.0,40.5,0.0
S260700,2026,34,3.8,0,0,0,1,0,0,0,Health Science,male,32,17.0,0.67,0.83,0.0,56.0,0.0
S260701,2026,18,10.9,0,0,0,0,0,0,0,Communication & Digital Media,female,42,22.0,0.67,1.0,0.0,79.0,0.0
S260702,2026,26,6.6,0,1,1,0,0,0,0,Business Administration,female,36,19.0,0.67,0.83,0.0,71.2,0.0
S260704,2026,18,8.3,0,1,0,0,1,0,0,Health Science,female,49,30.0,3.67,1.0,0.0,64.0,0.0
S260705,2026,20,4.4,0,1,1,0,0,0,0,Health Science,female,11,5.0,-0.33,0.33,2.0,42.5,0.0
S260706,2026,20,6.6,0,1,0,0,1,0,0,Social Work,female,52,23.0,-2.0,0.83,1.0,64.4,0.0
S260707,2026,23,8.3,1,1,0,1,0,0,0,Communication & Digital Media,female,13,7.0,0.33,0.67,2.0,53.75,0.0
S260708,2026,18,7.8,0,1,1,0,1,0,0,Communication & Digital Media,male,13,10.0,2.33,0.33,2.0,51.5,0.0
S260709,2026,18,6.7,0,1,0,1,0,0,0,Communication & Digital Media,female,52,30.0,2.67,1.0,0.0,62.17,0.0
S260710,2026,36,12.0,0,1,0,0,0,1,0,Health Science,male,15,5.0,-1.67,0.83,1.0,81.8,1.0
S260711,2026,20,6.5,0,1,1,0,1,0,0,Business Administration,male,33,19.0,1.67,0.5,1.0,60.33,0.0
S260712,2026,19,9.2,0,0,0,0,0,0,0,Health Science,female,33,14.0,-1.67,1.0,0.0,70.67,0.0
S260713,2026,18,6.0,0,0,0,0,0,0,1,Social Work,female,36,16.0,-1.33,0.83,0.0,59.8,0.0
S260714,2026,18,6.2,0,1,1,0,1,0,0,Health Science,female,47,24.0,0.33,1.0,0.0,66.5,0.0
S260715,2026,27,11.0,1,1,0,1,1,0,0,Communication & Digital Media,male,12,7.0,0.67,0.83,0.0,88.0,0.0
S260716,2026,43,9.6,0,1,1,0,0,1,0,Communication & Digital Media,female,25,15.0,1.67,1.0,0.0,64.33,0.0
S260717,2026,20,7.8,0,0,0,0,1,0,0,Health Science,female,55,37.0,6.33,1.0,0.0,64.0,0.0
S260718,2026,22,7.4,0,1,0,0,1,0,0,Communication & Digital Media,male,48,27.0,2.0,1.0,0.0,67.33,0.0
S260719,2026,26,2.5,1,0,0,1,0,0,0,Business Administration,male,27,10.0,-2.33,0.83,1.0,58.4,0.0
S260720,2026,23,3.7,0,1,0,1,0,0,0,Health Science,male,43,17.0,-3.0,1.0,0.0,47.83,0.0
S260721,2026,19,8.5,0,1,1,0,1,0,0,Health Science,male,37,16.0,-1.67,0.83,0.0,75.6,0.0
S260722,2026,19,5.4,1,1,0,0,1,0,0,Tourism,female,24,9.0,-2.0,0.83,0.0,51.0,0.0
S260723,2026,18,6.9,0,1,1,0,1,0,0,Business Administration,female,51,27.0,1.0,1.0,0.0,70.5,0.0
S260724,2026,18,4.8,0,1,0,0,1,0,0,Tourism,female,32,16.0,0.0,1.0,0.0,53.17,0.0
S260725,2026,19,12.0,1,1,0,0,1,0,0,Communication & Digital Media,female,25,11.0,-1.0,1.0,0.0,84.17,0.0
S260726,2026,21,7.0,0,1,0,0,1,0,0,Business Administration,male,25,12.0,-0.33,0.33,2.0,60.5,0.0
S260727,2026,19,8.4,0,1,0,0,1,0,0,Sustainable Biotechnology,male,39,17.0,-1.67,1.0,0.0,63.33,0.0
S260728,2026,18,8.7,1,1,1,0,1,0,0,Communication & Digital Media,male,38,22.0,2.0,1.0,0.0,74.67,0.0
S260729,2026,18,9.5,0,1,0,0,0,0,0,Communication & Digital Media,female,80,35.0,-3.33,1.0,0.0,80.67,0.0
S260730,2026,18,5.2,0,1,0,0,1,0,0,Health Science,female,95,44.0,-2.33,1.0,0.0,65.67,0.0
S260731,2026,18,6.1,0,1,0,1,1,0,0,Sustainable Biotechnology,female,26,12.0,-0.67,0.83,0.0,58.6,0.0
S260732,2026,20,3.9,0,1,0,0,1,0,0,Social Work,female,28,13.0,-0.67,0.67,2.0,39.5,0.0
S260733,2026,18,5.4,0,0,0,1,1,0,0,Communication & Digital Media,male,49,27.0,1.67,1.0,0.0,67.17,0.0
S260734,2026,18,5.9,0,1,0,0,1,0,0,Health Science,female,16,9.0,0.67,0.5,2.0,55.0,0.0
S260735,2026,19,8.4,0,1,0,0,0,0,0,Social Work,female,76,36.0,-1.33,1.0,0.0,75.83,0.0
S260736,2026,18,10.8,0,0,0,0,1,0,0,Health Science,female,58,36.0,4.67,1.0,0.0,79.33,0.0
S260737,2026,21,10.2,0,1,0,0,1,0,0,Sustainable Biotechnology,male,38,20.0,0.67,0.83,1.0,79.0,0.0
S260738,2026,18,10.0,0,1,1,0,1,0,0,Social Work,female,35,17.0,-0.33,1.0,0.0,84.5,0.0
S260739,2026,22,5.7,0,1,0,0,0,0,0,Business Administration,male,31,18.0,1.67,1.0,0.0,62.0,0.0
S260740,2026,20,7.8,0,1,0,0,1,0,0,Communication & Digital Media,female,42,18.0,-2.0,0.83,1.0,71.8,0.0
S260741,2026,28,7.1,0,1,0,0,0,0,1,Business Administration,female,44,15.0,-4.67,0.83,1.0,65.0,0.0
S260742,2026,19,5.2,0,1,0,0,0,0,0,Business Administration,male,40,20.0,0.0,1.0,0.0,55.67,0.0
S260743,2026,20,8.8,0,1,0,0,1,0,0,Health Science,male,26,18.0,3.33,0.67,0.0,75.75,0.0
S260744,2026,20,7.0,0,0,0,1,1,0,0,Social Work,male,23,11.0,-0.33,0.83,1.0,69.2,0.0
S260746,2026,24,2.0,1,0,0,1,0,0,0,Software,male,23,14.0,1.67,1.0,0.0,63.0,0.0
S260748,2026,20,8.5,1,1,0,0,1,0,0,Communication & Digital Media,female,22,8.0,-2.0,0.83,0.0,69.2,0.0
S260749,2026,21,5.7,0,1,1,0,0,0,0,Communication & Digital Media,female,33,11.0,-3.67,0.5,2.0,54.67,0.0
S260750,2026,19,8.1,0,1,1,0,1,0,0,Health Science,female,30,13.0,-1.33,1.0,0.0,70.17,0.0
S260751,2026,21,4.5,0,1,0,0,1,0,0,Communication & Digital Media,female,25,13.0,0.33,0.83,0.0,52.8,1.0
S260754,2026,23,6.9,0,1,0,0,1,0,0,Communication & Digital Media,male,74,43.0,4.0,1.0,0.0,71.17,0.0
S260755,2026,29,2.4,1,1,0,1,0,0,0,Sustainable Biotechnology,female,16,12.0,2.67,0.33,1.0,58.0,0.0
S260756,2026,19,9.7,0,1,0,0,0,0,0,Learning & Innovation,female,31,11.0,-3.0,0.83,0.0,71.6,0.0
S260757,2026,23,7.5,1,1,0,1,0,0,0,Communication & Digital Media,female,16,8.0,0.0,0.5,2.0,58.67,0.0
S260758,2026,20,5.3,0,1,0,0,1,0,0,Learning & Innovation,female,45,18.0,-3.0,1.0,0.0,58.67,0.0
S260760,2026,20,5.3,0,1,0,0,0,0,0,Software,male,50,27.0,1.33,0.67,1.0,56.0,0.0
S260761,2026,37,6.9,0,1,0,0,0,1,1,Business Administration,male,46,26.0,2.0,0.83,0.0,56.4,0.0
S260762,2026,23,10.0,0,1,0,0,0,0,0,Health Science,male,28,9.0,-3.33,0.83,0.0,66.8,0.0
S260763,2026,46,3.6,0,1,0,0,0,0,1,Social Work,female,39,19.0,-0.33,0.5,1.0,52.0,0.0
S260764,2026,24,3.6,1,0,0,1,0,0,0,Software,male,15,6.0,-1.0,0.83,0.0,49.4,0.0
S260765,2026,18,8.3,1,1,0,0,1,0,0,Health Science,female,28,15.0,0.67,0.83,1.0,74.6,0.0
S260766,2026,19,8.8,0,1,1,0,1,0,0,Health Science,female,36,13.0,-3.33,0.83,0.0,69.8,0.0
S260767,2026,18,8.6,0,1,1,0,0,0,0,Health Science,female,35,13.0,-3.0,1.0,0.0,71.17,0.0
S260768,2026,33,10.9,0,1,0,0,1,1,1,Business Administration,male,48,24.0,0.0,0.83,1.0,71.8,0.0
S260769,2026,19,7.3,0,0,1,0,1,0,0,Communication & Digital Media,female,52,27.0,0.67,1.0,0.0,69.17,0.0
S260770,2026,24,6.6,0,1,0,0,1,0,0,Sustainable Biotechnology,male,22,7.0,-2.67,0.67,1.0,53.5,0.0
S260772,2026,20,9.9,0,0,0,0,1,0,0,Social Work,female,57,33.0,3.0,1.0,0.0,76.17,0.0
S260773,2026,18,9.5,0,1,1,0,1,0,0,Communication & Digital Media,female,42,20.0,-0.67,1.0,0.0,80.17,0.0
S260774,2026,19,6.2,0,1,1,0,1,0,0,Health Science,female,34,11.0,-4.0,0.67,1.0,67.75,0.0
S260775,2026,19,7.1,1,1,1,0,1,0,0,Communication & Digital Media,female,25,11.0,-1.0,1.0,0.0,71.17,0.0
S260776,2026,19,7.0,0,1,1,0,0,0,0,Social Work,female,62,29.0,-1.33,0.83,1.0,67.8,0.0
S260779,2026,35,5.4,0,1,0,0,0,0,0,Tourism,male,38,17.0,-1.33,0.5,2.0,65.33,0.0
S260780,2026,19,7.5,0,1,0,0,1,0,0,Health Science,female,45,27.0,3.0,1.0,0.0,63.0,0.0
S260781,2026,21,4.0,0,1,1,0,1,0,0,Software,male,30,18.0,2.0,0.67,1.0,47.5,0.0
S260782,2026,38,8.4,0,1,0,0,0,0,0,Social Work,male,57,27.0,-1.0,0.83,1.0,73.4,0.0
S260783,2026,18,8.2,0,1,0,0,1,0,0,Health Science,female,31,15.0,-0.33,0.83,1.0,67.2,0.0
S260786,2026,23,5.8,0,1,0,0,0,0,0,Tourism,male,29,13.0,-1.0,0.67,1.0,56.25,0.0
S260787,2026,22,5.7,1,1,0,0,1,0,0,Health Science,female,24,10.0,-1.33,0.67,1.0,48.75,0.0
S260788,2026,20,5.1,0,1,0,1,1,0,0,Social Work,female,57,24.0,-3.0,1.0,0.0,65.83,0.0
S260789,2026,34,2.5,0,1,0,0,0,1,0,Learning & Innovation,female,57,33.0,3.0,0.83,0.0,61.8,0.0
S260790,2026,19,10.7,1,1,0,0,1,0,0,Communication & Digital Media,female,8,4.0,0.0,0.5,1.0,67.67,0.0
S260791,2026,20,6.5,0,1,1,0,0,0,0,Tourism,female,17,14.0,3.67,0.5,1.0,57.0,0.0
S260792,2026,21,7.7,1,1,1,0,0,0,0,Communication & Digital Media,female,17,7.0,-1.0,0.83,0.0,72.0,0.0
S260793,2026,18,8.8,0,0,0,0,1,0,0,Communication & Digital Media,male,9,2.0,-1.67,0.17,3.0,65.0,1.0
S260794,2026,35,5.7,0,1,0,0,0,0,1,Social Work,female,37,16.0,-1.67,0.83,1.0,71.8,0.0
S260795,2026,28,7.1,0,1,0,0,0,0,1,Business Administration,female,63,29.0,-1.67,1.0,0.0,62.33,0.0
S260796,2026,34,6.4,0,1,0,0,1,1,0,Tourism,female,49,25.0,0.33,0.67,2.0,54.0,0.0
S260797,2026,18,5.8,0,1,0,1,1,0,0,Social Work,female,15,5.0,-1.67,0.5,0.0,53.33,0.0
S260798,2026,21,6.7,0,1,1,0,0,0,0,Social Work,female,29,13.0,-1.0,0.67,2.0,66.5,0.0
S260799,2026,18,9.1,0,1,0,0,1,0,0,Social Work,female,52,29.0,2.0,1.0,0.0,74.67,0.0
